,filename,name,hash,phash,cropped_filename,fingerprints,labels,cropped_fingerprints,cropped_labels,cluster
fc223db0cdad80cabf215c654a35f7d49ce5f6d7c991357700bd8ea813d6c822,./data/fc223db0cdad80cabf215c654a35f7d49ce5f6d7c991357700bd8ea813d6c822.jpg,fc223db0cdad80cabf215c654a35f7d49ce5f6d7c991357700bd8ea813d6c822,fc223db0cdad80cabf215c654a35f7d49ce5f6d7c991357700bd8ea813d6c822,e00f00fe06e3e0047fde811f94501f3bf0ff,./data/cropped/fc223db0cdad80cabf215c654a35f7d49ce5f6d7c991357700bd8ea813d6c822.jpg,[0.00151573 0.52049834 0.00970769 ... 0.05844356 0.00604121 0.        ],"[['web_site', 0.97875345], ['television', 0.0011000381], ['digital_clock', 0.0009802283], ['stopwatch', 0.00095244305], ['bubble', 0.0008866501]]",[0.00151573 0.52049834 0.00970769 ... 0.05844356 0.00604121 0.        ],"[['web_site', 0.97875345], ['television', 0.0011000381], ['digital_clock', 0.0009802283], ['stopwatch', 0.00095244305], ['bubble', 0.0008866501]]",29
f9bc4a31595dfe45363c66830906a7e50916d82e8cf62612be1cf5640a1bdac7,./data/f9bc4a31595dfe45363c66830906a7e50916d82e8cf62612be1cf5640a1bdac7.jpg,f9bc4a31595dfe45363c66830906a7e50916d82e8cf62612be1cf5640a1bdac7,f9bc4a31595dfe45363c66830906a7e50916d82e8cf62612be1cf5640a1bdac7,9f5be031c2f9f22cdbb4b43e74c42741a454,./data/cropped/f9bc4a31595dfe45363c66830906a7e50916d82e8cf62612be1cf5640a1bdac7.jpg,[0.00936948 2.1711237  0.4625319  ... 0.11776092 0.23863927 0.        ],"[['cliff', 0.17486598], ['brass', 0.15201417], ['castle', 0.046406202], ['dam', 0.032984264], ['leopard', 0.027292626]]",[0.00936948 2.1711237  0.4625319  ... 0.11776092 0.23863927 0.        ],"[['cliff', 0.17486598], ['brass', 0.15201417], ['castle', 0.046406202], ['dam', 0.032984264], ['leopard', 0.027292626]]",7
fca27623b8f68555373b85f99a99f0e00dec6f27814e706e8d7aa0355292fc72,./data/fca27623b8f68555373b85f99a99f0e00dec6f27814e706e8d7aa0355292fc72.jpg,fca27623b8f68555373b85f99a99f0e00dec6f27814e706e8d7aa0355292fc72,fca27623b8f68555373b85f99a99f0e00dec6f27814e706e8d7aa0355292fc72,fb7e12ca519d94cc4883fd255ca225999e66,./data/cropped/fca27623b8f68555373b85f99a99f0e00dec6f27814e706e8d7aa0355292fc72.jpg,[0.31630495 2.6722023  0.11158203 ... 2.1877458  1.0960008  1.6819149 ],"[['saltshaker', 0.39241222], ['sock', 0.21374713], ['Band_Aid', 0.06386549], ['knee_pad', 0.058527574], ['sandal', 0.048708692]]",[0.31630495 2.6722023  0.11158203 ... 2.1877458  1.0960008  1.6819149 ],"[['saltshaker', 0.39241222], ['sock', 0.21374713], ['Band_Aid', 0.06386549], ['knee_pad', 0.058527574], ['sandal', 0.048708692]]",4
fe462743291c02c128c2e712bfa5de746629f4241b32c6d84fa26832e2f89d02,./data/fe462743291c02c128c2e712bfa5de746629f4241b32c6d84fa26832e2f89d02.jpg,fe462743291c02c128c2e712bfa5de746629f4241b32c6d84fa26832e2f89d02,fe462743291c02c128c2e712bfa5de746629f4241b32c6d84fa26832e2f89d02,bd050e466bd9ab04a7e6fd31316375e44cd0,./data/cropped/fe462743291c02c128c2e712bfa5de746629f4241b32c6d84fa26832e2f89d02.jpg,[0.02628888 0.99524504 0.06290808 ... 0.07143933 0.12332868 0.51491994],"[['scoreboard', 0.28099334], ['cowboy_hat', 0.13675924], ['marimba', 0.13144171], ['street_sign', 0.094156], ['steel_drum', 0.06887825]]",[0.02628888 0.99524504 0.06290808 ... 0.07143933 0.12332868 0.51491994],"[['scoreboard', 0.28099334], ['cowboy_hat', 0.13675924], ['marimba', 0.13144171], ['street_sign', 0.094156], ['steel_drum', 0.06887825]]",9
f8cf0327e3dba9f58a49b7a8f32e70e912a96cf90771ff2a3b1fec92ea883841,./data/f8cf0327e3dba9f58a49b7a8f32e70e912a96cf90771ff2a3b1fec92ea883841.jpg,f8cf0327e3dba9f58a49b7a8f32e70e912a96cf90771ff2a3b1fec92ea883841,f8cf0327e3dba9f58a49b7a8f32e70e912a96cf90771ff2a3b1fec92ea883841,8a35037552d4b306ae5f840f27ec2f9b9a1d,./data/cropped/f8cf0327e3dba9f58a49b7a8f32e70e912a96cf90771ff2a3b1fec92ea883841.jpg,[0.36211282 1.6747315  0.01182338 ... 0.1734966  0.03242255 0.77798337],"[['web_site', 0.6034362], ['prison', 0.037043817], ['cash_machine', 0.031559486], ['jean', 0.029767858], ['cellular_telephone', 0.02482122]]",[0.36211282 1.6747315  0.01182338 ... 0.1734966  0.03242255 0.77798337],"[['web_site', 0.6034362], ['prison', 0.037043817], ['cash_machine', 0.031559486], ['jean', 0.029767858], ['cellular_telephone', 0.02482122]]",33
fa7bc277ad6b6ec46690f06c4a211ae0d9dcec70fc6a59ac3abdc70d9556ef54,./data/fa7bc277ad6b6ec46690f06c4a211ae0d9dcec70fc6a59ac3abdc70d9556ef54.jpg,fa7bc277ad6b6ec46690f06c4a211ae0d9dcec70fc6a59ac3abdc70d9556ef54,fa7bc277ad6b6ec46690f06c4a211ae0d9dcec70fc6a59ac3abdc70d9556ef54,d68a9754ddb220dcb75caa152ea53cab1b44,./data/cropped/fa7bc277ad6b6ec46690f06c4a211ae0d9dcec70fc6a59ac3abdc70d9556ef54.jpg,[0.00498141 0.         0.7881867  ... 0.08267009 0.6641855  0.15498818],"[['web_site', 0.88174766], ['jean', 0.016378872], ['hand-held_computer', 0.008826874], ['notebook', 0.006153066], ['lab_coat', 0.0047868676]]",[0.00498141 0.         0.7881867  ... 0.08267009 0.6641855  0.15498818],"[['web_site', 0.88174766], ['jean', 0.016378872], ['hand-held_computer', 0.008826874], ['notebook', 0.006153066], ['lab_coat', 0.0047868676]]",33
f108542ee7323ef3e84e57cca78aa2e840b0dc662dc987c3228f1d39444923a5,./data/f108542ee7323ef3e84e57cca78aa2e840b0dc662dc987c3228f1d39444923a5.jpg,f108542ee7323ef3e84e57cca78aa2e840b0dc662dc987c3228f1d39444923a5,f108542ee7323ef3e84e57cca78aa2e840b0dc662dc987c3228f1d39444923a5,f336668ee38ef08cb1f113cb2ac8141dbcca,./data/cropped/f108542ee7323ef3e84e57cca78aa2e840b0dc662dc987c3228f1d39444923a5.jpg,[0.31752595 0.6174088  0.19006628 ... 1.2166481  0.08530087 0.8547955 ],"[['web_site', 0.55289364], ['jersey', 0.05392331], ['groom', 0.052724183], ['jean', 0.049747046], ['poncho', 0.038378645]]",[0.31752595 0.6174088  0.19006628 ... 1.2166481  0.08530087 0.8547955 ],"[['web_site', 0.55289364], ['jersey', 0.05392331], ['groom', 0.052724183], ['jean', 0.049747046], ['poncho', 0.038378645]]",33
fd5cadf957db102b6dd6e1074b706c2e05ecfb613900a4ee8be75db6df95b6cb,./data/fd5cadf957db102b6dd6e1074b706c2e05ecfb613900a4ee8be75db6df95b6cb.jpg,fd5cadf957db102b6dd6e1074b706c2e05ecfb613900a4ee8be75db6df95b6cb,fd5cadf957db102b6dd6e1074b706c2e05ecfb613900a4ee8be75db6df95b6cb,efe249c821b78512bf9081df9452bfc411b7,./data/cropped/fd5cadf957db102b6dd6e1074b706c2e05ecfb613900a4ee8be75db6df95b6cb.jpg,"[5.3621650e-01 9.8205626e-01 4.1712061e-04 ... 7.5458646e-02 4.1773310e-01
 1.3562082e+00]","[['comic_book', 0.3147535], ['envelope', 0.1133773], ['book_jacket', 0.10756524], ['web_site', 0.086126246], ['binder', 0.071945935]]","[5.3621650e-01 9.8205626e-01 4.1712061e-04 ... 7.5458646e-02 4.1773310e-01
 1.3562082e+00]","[['comic_book', 0.3147535], ['envelope', 0.1133773], ['book_jacket', 0.10756524], ['web_site', 0.086126246], ['binder', 0.071945935]]",45
fd79b3203e0285e4b68f3815c06bd2c6323883ed79d804faae93aa56d32a25df,./data/fd79b3203e0285e4b68f3815c06bd2c6323883ed79d804faae93aa56d32a25df.jpg,fd79b3203e0285e4b68f3815c06bd2c6323883ed79d804faae93aa56d32a25df,fd79b3203e0285e4b68f3815c06bd2c6323883ed79d804faae93aa56d32a25df,feecc6cbb031974039c8d3ccb54318c473cd,./data/cropped/fd79b3203e0285e4b68f3815c06bd2c6323883ed79d804faae93aa56d32a25df.jpg,[0.31379807 0.38401097 0.28179386 ... 0.07720394 0.24407126 0.12501238],"[['web_site', 0.94993883], ['comic_book', 0.0053267735], ['envelope', 0.0047420245], ['jean', 0.0017260005], ['book_jacket', 0.0016755714]]",[0.31379807 0.38401097 0.28179386 ... 0.07720394 0.24407126 0.12501238],"[['web_site', 0.94993883], ['comic_book', 0.0053267735], ['envelope', 0.0047420245], ['jean', 0.0017260005], ['book_jacket', 0.0016755714]]",33
f8fcc5b9f4d026a92a1e017708a0d0d7cd4726959e98f4228db6124c54e5e178,./data/f8fcc5b9f4d026a92a1e017708a0d0d7cd4726959e98f4228db6124c54e5e178.png,f8fcc5b9f4d026a92a1e017708a0d0d7cd4726959e98f4228db6124c54e5e178,f8fcc5b9f4d026a92a1e017708a0d0d7cd4726959e98f4228db6124c54e5e178,bffda182aa567e112b3de78086d87fd0081c,./data/cropped/f8fcc5b9f4d026a92a1e017708a0d0d7cd4726959e98f4228db6124c54e5e178.jpg,[0.22578967 0.09159224 0.05035805 ... 0.11574949 0.01591441 0.5161535 ],"[['web_site', 0.9386083], ['Windsor_tie', 0.005911855], ['barbershop', 0.002229073], ['tennis_ball', 0.001638494], ['academic_gown', 0.0015854234]]",[0.22578967 0.09159224 0.05035805 ... 0.11574949 0.01591441 0.5161535 ],"[['web_site', 0.9386083], ['Windsor_tie', 0.005911855], ['barbershop', 0.002229073], ['tennis_ball', 0.001638494], ['academic_gown', 0.0015854234]]",33
fbc83a1f7a2b9971920f9abb3e2b3273da4f50a23c576a35e0b9b14f134b7c35,./data/fbc83a1f7a2b9971920f9abb3e2b3273da4f50a23c576a35e0b9b14f134b7c35.png,fbc83a1f7a2b9971920f9abb3e2b3273da4f50a23c576a35e0b9b14f134b7c35,fbc83a1f7a2b9971920f9abb3e2b3273da4f50a23c576a35e0b9b14f134b7c35,cbe864b33b9be48b9c1ef532041461c5bfd0,./data/cropped/fbc83a1f7a2b9971920f9abb3e2b3273da4f50a23c576a35e0b9b14f134b7c35.jpg,[0.03353247 0.5321877  0.07427515 ... 0.08334132 1.4816514  0.16058335],"[['jersey', 0.0521666], ['bikini', 0.027073666], ['backpack', 0.024582466], ['cowboy_hat', 0.023136418], ['breastplate', 0.023112489]]",[0.03353247 0.5321877  0.07427515 ... 0.08334132 1.4816514  0.16058335],"[['jersey', 0.0521666], ['bikini', 0.027073666], ['backpack', 0.024582466], ['cowboy_hat', 0.023136418], ['breastplate', 0.023112489]]",33
fd50ea7636374cc13cd6b43853db702af35230bf005dee3407a0a43c94faac47,./data/fd50ea7636374cc13cd6b43853db702af35230bf005dee3407a0a43c94faac47.jpg,fd50ea7636374cc13cd6b43853db702af35230bf005dee3407a0a43c94faac47,fd50ea7636374cc13cd6b43853db702af35230bf005dee3407a0a43c94faac47,ff55fe40ae84bfd683c569f8e02c1495580a,./data/cropped/fd50ea7636374cc13cd6b43853db702af35230bf005dee3407a0a43c94faac47.jpg,[0.         0.6754123  0.09102129 ... 0.27866125 0.5010887  0.57593983],"[['golfcart', 0.27834526], ['rotisserie', 0.074069515], ['toaster', 0.07372694], ['police_van', 0.034745093], ['packet', 0.03200645]]",[0.         0.6754123  0.09102129 ... 0.27866125 0.5010887  0.57593983],"[['golfcart', 0.27834526], ['rotisserie', 0.074069515], ['toaster', 0.07372694], ['police_van', 0.034745093], ['packet', 0.03200645]]",57
f7e4d4df64dd424dad7807a0756538a75322aa3ef57f808b23072afff6775e20,./data/f7e4d4df64dd424dad7807a0756538a75322aa3ef57f808b23072afff6775e20.png,f7e4d4df64dd424dad7807a0756538a75322aa3ef57f808b23072afff6775e20,f7e4d4df64dd424dad7807a0756538a75322aa3ef57f808b23072afff6775e20,bccb4cf324324323ef379bc3411e9c85c9ac,./data/cropped/f7e4d4df64dd424dad7807a0756538a75322aa3ef57f808b23072afff6775e20.jpg,[1.7692969  1.3250066  0.05660244 ... 0.08923656 1.3927654  0.        ],"[['comic_book', 0.89443564], ['book_jacket', 0.030165415], ['church', 0.023799764], ['web_site', 0.015287221], ['mask', 0.009176274]]",[1.7692969  1.3250066  0.05660244 ... 0.08923656 1.3927654  0.        ],"[['comic_book', 0.89443564], ['book_jacket', 0.030165415], ['church', 0.023799764], ['web_site', 0.015287221], ['mask', 0.009176274]]",56
f5276c01520f1ab97c92df130a60a5b6f2fd03ca0911b8ac54efb602c0e2ce51,./data/f5276c01520f1ab97c92df130a60a5b6f2fd03ca0911b8ac54efb602c0e2ce51.jpg,f5276c01520f1ab97c92df130a60a5b6f2fd03ca0911b8ac54efb602c0e2ce51,f5276c01520f1ab97c92df130a60a5b6f2fd03ca0911b8ac54efb602c0e2ce51,fe809f2b6b49d248778c2b84fc340eb58af1,./data/cropped/f5276c01520f1ab97c92df130a60a5b6f2fd03ca0911b8ac54efb602c0e2ce51.jpg,[0.6158125  0.6913892  0.14109771 ... 0.48754096 0.2673197  0.7544334 ],"[['web_site', 0.758884], ['book_jacket', 0.063578404], ['sombrero', 0.038596872], [""potter's_wheel"", 0.025769286], ['shower_cap', 0.02000879]]",[0.6158125  0.6913892  0.14109771 ... 0.48754096 0.2673197  0.7544334 ],"[['web_site', 0.758884], ['book_jacket', 0.063578404], ['sombrero', 0.038596872], [""potter's_wheel"", 0.025769286], ['shower_cap', 0.02000879]]",24
fc70038ae18e63b23703b12b029cb3e28097f9c393d3a6dcbc3fb324230b2bcc,./data/fc70038ae18e63b23703b12b029cb3e28097f9c393d3a6dcbc3fb324230b2bcc.jpg,fc70038ae18e63b23703b12b029cb3e28097f9c393d3a6dcbc3fb324230b2bcc,fc70038ae18e63b23703b12b029cb3e28097f9c393d3a6dcbc3fb324230b2bcc,bbfc05c609c090063bcd83bf7216fb3c26cb,./data/cropped/fc70038ae18e63b23703b12b029cb3e28097f9c393d3a6dcbc3fb324230b2bcc.jpg,[0.17093097 0.15209527 0.09755153 ... 0.09573755 0.9134995  0.42578822],"[['envelope', 0.2249363], ['Band_Aid', 0.17113198], ['web_site', 0.17018914], ['rule', 0.08709388], ['comic_book', 0.07571713]]",[0.17093097 0.15209527 0.09755153 ... 0.09573755 0.9134995  0.42578822],"[['envelope', 0.2249363], ['Band_Aid', 0.17113198], ['web_site', 0.17018914], ['rule', 0.08709388], ['comic_book', 0.07571713]]",39
f14d30e4574eb4206de923dbb212af51e010d70a3b8409081cd9d4015dc385ba,./data/f14d30e4574eb4206de923dbb212af51e010d70a3b8409081cd9d4015dc385ba.png,f14d30e4574eb4206de923dbb212af51e010d70a3b8409081cd9d4015dc385ba,f14d30e4574eb4206de923dbb212af51e010d70a3b8409081cd9d4015dc385ba,e446664aa93166629bb5996668b4939666fb,./data/cropped/f14d30e4574eb4206de923dbb212af51e010d70a3b8409081cd9d4015dc385ba.jpg,[1.9199132  1.3112686  0.07387073 ... 0.01243839 1.7157238  1.5305058 ],"[['jellyfish', 0.78625906], ['web_site', 0.17731155], ['Petri_dish', 0.004436792], ['bubble', 0.004297564], ['cup', 0.0019240213]]",[1.9199132  1.3112686  0.07387073 ... 0.01243839 1.7157238  1.5305058 ],"[['jellyfish', 0.78625906], ['web_site', 0.17731155], ['Petri_dish', 0.004436792], ['bubble', 0.004297564], ['cup', 0.0019240213]]",48
f09c3ccda45d90e18d28e20c5a075daae2c9126fb47e08b4c7a0c488da8bb941,./data/f09c3ccda45d90e18d28e20c5a075daae2c9126fb47e08b4c7a0c488da8bb941.jpg,f09c3ccda45d90e18d28e20c5a075daae2c9126fb47e08b4c7a0c488da8bb941,f09c3ccda45d90e18d28e20c5a075daae2c9126fb47e08b4c7a0c488da8bb941,affef0f0480f4da17f209f8689fcd884b340,./data/cropped/f09c3ccda45d90e18d28e20c5a075daae2c9126fb47e08b4c7a0c488da8bb941.jpg,[0.         0.03588361 0.         ... 0.20424837 0.18883832 0.12384813],"[['neck_brace', 0.5080497], ['web_site', 0.09706314], ['lab_coat', 0.026361257], ['academic_gown', 0.018869694], ['diaper', 0.018100226]]",[0.         0.03588361 0.         ... 0.20424837 0.18883832 0.12384813],"[['neck_brace', 0.5080497], ['web_site', 0.09706314], ['lab_coat', 0.026361257], ['academic_gown', 0.018869694], ['diaper', 0.018100226]]",33
fbf2e5c0010cbee59a5cc38bff8206fb12d2858e0b17d5eacddc0ca852f98232,./data/fbf2e5c0010cbee59a5cc38bff8206fb12d2858e0b17d5eacddc0ca852f98232.png,fbf2e5c0010cbee59a5cc38bff8206fb12d2858e0b17d5eacddc0ca852f98232,fbf2e5c0010cbee59a5cc38bff8206fb12d2858e0b17d5eacddc0ca852f98232,f1a8e5e943581a572ae93b45c3a54b1e4d9a,./data/cropped/fbf2e5c0010cbee59a5cc38bff8206fb12d2858e0b17d5eacddc0ca852f98232.jpg,[0.16322334 0.         0.00194949 ... 0.20831892 0.08633395 0.8502703 ],"[['horizontal_bar', 0.29355773], ['web_site', 0.096267365], ['parallel_bars', 0.06950847], ['barbell', 0.068093956], ['bow', 0.04936027]]",[0.16322334 0.         0.00194949 ... 0.20831892 0.08633395 0.8502703 ],"[['horizontal_bar', 0.29355773], ['web_site', 0.096267365], ['parallel_bars', 0.06950847], ['barbell', 0.068093956], ['bow', 0.04936027]]",33
f7a5805d597a7909abfc1cd6e73e19ed9e0e95ff9b18fc8fe60b982aa3cc27ac,./data/f7a5805d597a7909abfc1cd6e73e19ed9e0e95ff9b18fc8fe60b982aa3cc27ac.jpg,f7a5805d597a7909abfc1cd6e73e19ed9e0e95ff9b18fc8fe60b982aa3cc27ac,f7a5805d597a7909abfc1cd6e73e19ed9e0e95ff9b18fc8fe60b982aa3cc27ac,ccc94c3a9639c932f71d3317b192710e7347,./data/cropped/f7a5805d597a7909abfc1cd6e73e19ed9e0e95ff9b18fc8fe60b982aa3cc27ac.jpg,[1.3560115  0.7684957  0.22218633 ... 0.00315926 1.9857502  1.134978  ],"[['jellyfish', 0.55040675], ['stage', 0.06497145], ['sea_lion', 0.029920828], ['spotlight', 0.027288117], ['electric_ray', 0.019750036]]",[1.3560115  0.7684957  0.22218633 ... 0.00315926 1.9857502  1.134978  ],"[['jellyfish', 0.55040675], ['stage', 0.06497145], ['sea_lion', 0.029920828], ['spotlight', 0.027288117], ['electric_ray', 0.019750036]]",50
f8ebe90b2a185f88cd2008f5d625d9810912297edbfb5e112f872b616eed72b8,./data/f8ebe90b2a185f88cd2008f5d625d9810912297edbfb5e112f872b616eed72b8.png,f8ebe90b2a185f88cd2008f5d625d9810912297edbfb5e112f872b616eed72b8,f8ebe90b2a185f88cd2008f5d625d9810912297edbfb5e112f872b616eed72b8,affd2aa15a159882b7a044e06ae6e7f006f7,./data/cropped/f8ebe90b2a185f88cd2008f5d625d9810912297edbfb5e112f872b616eed72b8.jpg,[0.04936646 0.48137653 0.20214513 ... 0.45524994 0.21551298 0.38784075],"[['web_site', 0.94863313], ['comic_book', 0.005861319], ['space_shuttle', 0.004704856], ['lighter', 0.0043505705], ['geyser', 0.003834771]]",[0.04936646 0.48137653 0.20214513 ... 0.45524994 0.21551298 0.38784075],"[['web_site', 0.94863313], ['comic_book', 0.005861319], ['space_shuttle', 0.004704856], ['lighter', 0.0043505705], ['geyser', 0.003834771]]",34
f52ee9b02d0d8ea09df62cabd567f704d26800aafed67f11efec881556417ff1,./data/f52ee9b02d0d8ea09df62cabd567f704d26800aafed67f11efec881556417ff1.jpg,f52ee9b02d0d8ea09df62cabd567f704d26800aafed67f11efec881556417ff1,f52ee9b02d0d8ea09df62cabd567f704d26800aafed67f11efec881556417ff1,ec99b6db6969325342e94deda96132292cc9,./data/cropped/f52ee9b02d0d8ea09df62cabd567f704d26800aafed67f11efec881556417ff1.jpg,[0.39629456 2.1850536  0.3220127  ... 1.3900499  0.08926035 0.09580144],"[['monitor', 0.2867375], ['desktop_computer', 0.2268077], ['screen', 0.21569304], ['laptop', 0.059497904], ['projector', 0.032449517]]",[0.39629456 2.1850536  0.3220127  ... 1.3900499  0.08926035 0.09580144],"[['monitor', 0.2867375], ['desktop_computer', 0.2268077], ['screen', 0.21569304], ['laptop', 0.059497904], ['projector', 0.032449517]]",25
f7b64c02ff43d6ddb6759e39056af05395b10e5a541d55e7e5b55333b69dcd34,./data/f7b64c02ff43d6ddb6759e39056af05395b10e5a541d55e7e5b55333b69dcd34.jpg,f7b64c02ff43d6ddb6759e39056af05395b10e5a541d55e7e5b55333b69dcd34,f7b64c02ff43d6ddb6759e39056af05395b10e5a541d55e7e5b55333b69dcd34,ece6939b036ced9993946dcdc50d86c5116c,./data/cropped/f7b64c02ff43d6ddb6759e39056af05395b10e5a541d55e7e5b55333b69dcd34.jpg,[0.47411945 0.49317044 0.8708494  ... 5.7528906  0.97345895 0.02453589],"[['web_site', 0.15336677], ['unicycle', 0.119742684], ['hook', 0.110021114], ['comic_book', 0.08070832], ['corkscrew', 0.058895588]]",[0.47411945 0.49317044 0.8708494  ... 5.7528906  0.97345895 0.02453589],"[['web_site', 0.15336677], ['unicycle', 0.119742684], ['hook', 0.110021114], ['comic_book', 0.08070832], ['corkscrew', 0.058895588]]",46
f087fb1a82a7d20e47412cac1625d70d0c04b65ed430e7fbd0e9920c36377621,./data/f087fb1a82a7d20e47412cac1625d70d0c04b65ed430e7fbd0e9920c36377621.jpg,f087fb1a82a7d20e47412cac1625d70d0c04b65ed430e7fbd0e9920c36377621,f087fb1a82a7d20e47412cac1625d70d0c04b65ed430e7fbd0e9920c36377621,8d0e725581a7b735183a7edc46a0e5f94762,./data/cropped/f087fb1a82a7d20e47412cac1625d70d0c04b65ed430e7fbd0e9920c36377621.jpg,[0.00551321 1.2248244  0.10467874 ... 0.6712759  0.         0.4131058 ],"[['chain_mail', 0.68973374], ['tench', 0.04682245], ['banjo', 0.025023477], ['coho', 0.012560853], ['drumstick', 0.010789018]]",[0.00551321 1.2248244  0.10467874 ... 0.6712759  0.         0.4131058 ],"[['chain_mail', 0.68973374], ['tench', 0.04682245], ['banjo', 0.025023477], ['coho', 0.012560853], ['drumstick', 0.010789018]]",22
f73473ed4a1dc03cb7a98a9260fdfdedebbec9afe95ec1bf4783d39be9fbe865,./data/f73473ed4a1dc03cb7a98a9260fdfdedebbec9afe95ec1bf4783d39be9fbe865.jpg,f73473ed4a1dc03cb7a98a9260fdfdedebbec9afe95ec1bf4783d39be9fbe865,f73473ed4a1dc03cb7a98a9260fdfdedebbec9afe95ec1bf4783d39be9fbe865,ebfb819c59dcc016301cd33f1c26fab11c63,./data/cropped/f73473ed4a1dc03cb7a98a9260fdfdedebbec9afe95ec1bf4783d39be9fbe865.jpg,[0.5540842  0.8669947  0.04056285 ... 0.00659604 1.5451905  0.        ],"[['web_site', 0.7675781], ['comic_book', 0.13611422], ['sax', 0.010908594], ['pencil_sharpener', 0.0047669965], ['envelope', 0.0035014593]]",[0.5540842  0.8669947  0.04056285 ... 0.00659604 1.5451905  0.        ],"[['web_site', 0.7675781], ['comic_book', 0.13611422], ['sax', 0.010908594], ['pencil_sharpener', 0.0047669965], ['envelope', 0.0035014593]]",39
f58fb6dce6de4cfe17ef51ad90f7396fe4d0b2b1bdd5d3960897f968782b0aa1,./data/f58fb6dce6de4cfe17ef51ad90f7396fe4d0b2b1bdd5d3960897f968782b0aa1.jpg,f58fb6dce6de4cfe17ef51ad90f7396fe4d0b2b1bdd5d3960897f968782b0aa1,f58fb6dce6de4cfe17ef51ad90f7396fe4d0b2b1bdd5d3960897f968782b0aa1,fee81534b2fe99166e292944cbe341ca5b52,./data/cropped/f58fb6dce6de4cfe17ef51ad90f7396fe4d0b2b1bdd5d3960897f968782b0aa1.jpg,[0.13411555 0.22068597 0.9141678  ... 2.5309312  0.84891236 0.653534  ],"[['muzzle', 0.16304538], ['rhinoceros_beetle', 0.15629578], ['whippet', 0.09507691], ['Rhodesian_ridgeback', 0.07252237], ['web_site', 0.0679918]]",[0.13411555 0.22068597 0.9141678  ... 2.5309312  0.84891236 0.653534  ],"[['muzzle', 0.16304538], ['rhinoceros_beetle', 0.15629578], ['whippet', 0.09507691], ['Rhodesian_ridgeback', 0.07252237], ['web_site', 0.0679918]]",33
f96d769f00bd0e72f1ac8c0c0a6acb0e2ba71950d9355bd14abeaf3ac303eef3,./data/f96d769f00bd0e72f1ac8c0c0a6acb0e2ba71950d9355bd14abeaf3ac303eef3.jpg,f96d769f00bd0e72f1ac8c0c0a6acb0e2ba71950d9355bd14abeaf3ac303eef3,f96d769f00bd0e72f1ac8c0c0a6acb0e2ba71950d9355bd14abeaf3ac303eef3,d572e7a38e08be785190866678511b6ff5d0,./data/cropped/f96d769f00bd0e72f1ac8c0c0a6acb0e2ba71950d9355bd14abeaf3ac303eef3.jpg,[0.1103652  1.3555937  0.00264838 ... 0.23535886 0.5546901  0.3981799 ],"[['sorrel', 0.81015116], ['dumbbell', 0.01468445], ['Mexican_hairless', 0.012778803], ['muzzle', 0.012540186], ['Arabian_camel', 0.007402373]]",[0.1103652  1.3555937  0.00264838 ... 0.23535886 0.5546901  0.3981799 ],"[['sorrel', 0.81015116], ['dumbbell', 0.01468445], ['Mexican_hairless', 0.012778803], ['muzzle', 0.012540186], ['Arabian_camel', 0.007402373]]",31
f333abb114ae4179df57ab13ffd7b0ea98d091d48b54341f6e0f8f60425b786f,./data/f333abb114ae4179df57ab13ffd7b0ea98d091d48b54341f6e0f8f60425b786f.jpg,f333abb114ae4179df57ab13ffd7b0ea98d091d48b54341f6e0f8f60425b786f,f333abb114ae4179df57ab13ffd7b0ea98d091d48b54341f6e0f8f60425b786f,aff9142f569bc85c00d2852b93296e15adbb,./data/cropped/f333abb114ae4179df57ab13ffd7b0ea98d091d48b54341f6e0f8f60425b786f.jpg,[0.00585955 0.07995969 0.         ... 2.7306678  0.366368   0.2798874 ],"[['web_site', 0.55553764], ['comic_book', 0.18274005], ['envelope', 0.07237113], ['tricycle', 0.06598183], ['book_jacket', 0.012686161]]",[0.00585955 0.07995969 0.         ... 2.7306678  0.366368   0.2798874 ],"[['web_site', 0.55553764], ['comic_book', 0.18274005], ['envelope', 0.07237113], ['tricycle', 0.06598183], ['book_jacket', 0.012686161]]",39
fba06fc054db2a562a4bdf693eb1f5073c38dd7c39a8269acd977d7ded4e70e7,./data/fba06fc054db2a562a4bdf693eb1f5073c38dd7c39a8269acd977d7ded4e70e7.jpg,fba06fc054db2a562a4bdf693eb1f5073c38dd7c39a8269acd977d7ded4e70e7,fba06fc054db2a562a4bdf693eb1f5073c38dd7c39a8269acd977d7ded4e70e7,ee8933b1cf4ba173e05a31c8e17f0c85335c,./data/cropped/fba06fc054db2a562a4bdf693eb1f5073c38dd7c39a8269acd977d7ded4e70e7.jpg,[0.6674931  2.5061295  0.20515282 ... 0.35495403 1.6956     0.3452271 ],"[['envelope', 0.4330128], ['web_site', 0.2857074], ['handkerchief', 0.034739196], ['menu', 0.014164132], ['comic_book', 0.012822204]]",[0.6674931  2.5061295  0.20515282 ... 0.35495403 1.6956     0.3452271 ],"[['envelope', 0.4330128], ['web_site', 0.2857074], ['handkerchief', 0.034739196], ['menu', 0.014164132], ['comic_book', 0.012822204]]",44
f348efd044c20135da10e75afd9aa51c491e081f9b215226925ab50d3fb62c3f,./data/f348efd044c20135da10e75afd9aa51c491e081f9b215226925ab50d3fb62c3f.jpg,f348efd044c20135da10e75afd9aa51c491e081f9b215226925ab50d3fb62c3f,f348efd044c20135da10e75afd9aa51c491e081f9b215226925ab50d3fb62c3f,8f8bbec64b1abe79096b401b73ade64d041c,./data/cropped/f348efd044c20135da10e75afd9aa51c491e081f9b215226925ab50d3fb62c3f.jpg,[0.02691818 0.8956361  0.5079793  ... 0.29812124 0.18397105 0.        ],"[['slot', 0.4183791], ['packet', 0.1874792], ['web_site', 0.12767583], ['comic_book', 0.067164846], ['confectionery', 0.03288543]]",[0.02691818 0.8956361  0.5079793  ... 0.29812124 0.18397105 0.        ],"[['slot', 0.4183791], ['packet', 0.1874792], ['web_site', 0.12767583], ['comic_book', 0.067164846], ['confectionery', 0.03288543]]",39
fa6092113931b2ae7750b381fb00d906ea7fa37fe75a1c93a2b9417bff28114f,./data/fa6092113931b2ae7750b381fb00d906ea7fa37fe75a1c93a2b9417bff28114f.png,fa6092113931b2ae7750b381fb00d906ea7fa37fe75a1c93a2b9417bff28114f,fa6092113931b2ae7750b381fb00d906ea7fa37fe75a1c93a2b9417bff28114f,bef815e1077e9a16eac54b4193123e4cf4c3,./data/cropped/fa6092113931b2ae7750b381fb00d906ea7fa37fe75a1c93a2b9417bff28114f.jpg,[0.00677656 0.11125028 0.02693103 ... 0.190121   0.0072092  0.18106328],"[['web_site', 0.5878343], ['barbershop', 0.08618873], ['hook', 0.058703516], ['book_jacket', 0.015174613], ['padlock', 0.01439049]]",[0.00677656 0.11125028 0.02693103 ... 0.190121   0.0072092  0.18106328],"[['web_site', 0.5878343], ['barbershop', 0.08618873], ['hook', 0.058703516], ['book_jacket', 0.015174613], ['padlock', 0.01439049]]",29
fded545374a1bc8ef6277a1b9e61e228c93cb9c2186e5e9ffb696f71600f908f,./data/fded545374a1bc8ef6277a1b9e61e228c93cb9c2186e5e9ffb696f71600f908f.jpg,fded545374a1bc8ef6277a1b9e61e228c93cb9c2186e5e9ffb696f71600f908f,fded545374a1bc8ef6277a1b9e61e228c93cb9c2186e5e9ffb696f71600f908f,c2a16a7c5a953cf49a57a26423d62956b675,./data/cropped/fded545374a1bc8ef6277a1b9e61e228c93cb9c2186e5e9ffb696f71600f908f.jpg,[0.51337004 0.14154898 0.53971857 ... 0.40532506 0.03058322 0.78202766],"[['packet', 0.3295406], ['brass', 0.29891542], ['book_jacket', 0.06551363], ['lighter', 0.022808071], ['menu', 0.021146113]]",[0.51337004 0.14154898 0.53971857 ... 0.40532506 0.03058322 0.78202766],"[['packet', 0.3295406], ['brass', 0.29891542], ['book_jacket', 0.06551363], ['lighter', 0.022808071], ['menu', 0.021146113]]",26
fd17ed99e0d8664bf669a273ce33ccb8f5dd5d27a4c5b5814fd1ccbfe22d479f,./data/fd17ed99e0d8664bf669a273ce33ccb8f5dd5d27a4c5b5814fd1ccbfe22d479f.jpg,fd17ed99e0d8664bf669a273ce33ccb8f5dd5d27a4c5b5814fd1ccbfe22d479f,fd17ed99e0d8664bf669a273ce33ccb8f5dd5d27a4c5b5814fd1ccbfe22d479f,ea88007ff9ff8649f5d3992060cb4d682cd6,./data/cropped/fd17ed99e0d8664bf669a273ce33ccb8f5dd5d27a4c5b5814fd1ccbfe22d479f.jpg,"[4.9491531e-01 8.6445469e-01 4.0705055e-01 ... 2.9008410e+00 4.8175346e-02
 1.1962458e-03]","[['packet', 0.8218135], ['book_jacket', 0.12784976], ['bath_towel', 0.011973794], ['toilet_tissue', 0.009680226], ['paper_towel', 0.007200831]]","[4.9491531e-01 8.6445469e-01 4.0705055e-01 ... 2.9008410e+00 4.8175346e-02
 1.1962458e-03]","[['packet', 0.8218135], ['book_jacket', 0.12784976], ['bath_towel', 0.011973794], ['toilet_tissue', 0.009680226], ['paper_towel', 0.007200831]]",5
fd2277c4f70691e29bdf66eca6186b90bd6bfe730e184dcb7619a84107364399,./data/fd2277c4f70691e29bdf66eca6186b90bd6bfe730e184dcb7619a84107364399.jpg,fd2277c4f70691e29bdf66eca6186b90bd6bfe730e184dcb7619a84107364399,fd2277c4f70691e29bdf66eca6186b90bd6bfe730e184dcb7619a84107364399,bba91cc0fb71d506cee853f0c6e4ae970131,./data/cropped/fd2277c4f70691e29bdf66eca6186b90bd6bfe730e184dcb7619a84107364399.jpg,[0.18173    0.59644425 0.01690943 ... 0.35656422 0.14863782 0.78131443],"[['comic_book', 0.81951433], ['web_site', 0.083107404], ['envelope', 0.013154029], ['book_jacket', 0.013152022], ['laptop', 0.012209539]]",[0.18173    0.59644425 0.01690943 ... 0.35656422 0.14863782 0.78131443],"[['comic_book', 0.81951433], ['web_site', 0.083107404], ['envelope', 0.013154029], ['book_jacket', 0.013152022], ['laptop', 0.012209539]]",41
f79e81bd7c7173ef7c11cbf696aca8dfeba2d143bf0259da7b1d601df4842196,./data/f79e81bd7c7173ef7c11cbf696aca8dfeba2d143bf0259da7b1d601df4842196.png,f79e81bd7c7173ef7c11cbf696aca8dfeba2d143bf0259da7b1d601df4842196,f79e81bd7c7173ef7c11cbf696aca8dfeba2d143bf0259da7b1d601df4842196,ffa6eac058058158125527fa7fa2adaa52ad,./data/cropped/f79e81bd7c7173ef7c11cbf696aca8dfeba2d143bf0259da7b1d601df4842196.jpg,[0.         0.         0.01280941 ... 0.96898377 0.         0.39523378],"[['envelope', 0.07877831], ['web_site', 0.06522685], ['washer', 0.061167005], ['refrigerator', 0.02512782], ['notebook', 0.024017872]]",[0.         0.         0.01280941 ... 0.96898377 0.         0.39523378],"[['envelope', 0.07877831], ['web_site', 0.06522685], ['washer', 0.061167005], ['refrigerator', 0.02512782], ['notebook', 0.024017872]]",33
f24a52b45823ecfeac235764b99d40566c38b4e7a2fc7a786d2210d23f7a2e4f,./data/f24a52b45823ecfeac235764b99d40566c38b4e7a2fc7a786d2210d23f7a2e4f.jpg,f24a52b45823ecfeac235764b99d40566c38b4e7a2fc7a786d2210d23f7a2e4f,f24a52b45823ecfeac235764b99d40566c38b4e7a2fc7a786d2210d23f7a2e4f,bcbb04cb5a1a8d9cae34d6e36721e5688d19,./data/cropped/f24a52b45823ecfeac235764b99d40566c38b4e7a2fc7a786d2210d23f7a2e4f.jpg,[0.01661406 1.1644309  0.26515204 ... 0.84779537 0.34262395 1.1428572 ],"[['bulletproof_vest', 0.12986314], ['panpipe', 0.1166574], ['sunglasses', 0.1018366], ['rifle', 0.07277829], ['sunglass', 0.07034586]]",[0.01661406 1.1644309  0.26515204 ... 0.84779537 0.34262395 1.1428572 ],"[['bulletproof_vest', 0.12986314], ['panpipe', 0.1166574], ['sunglasses', 0.1018366], ['rifle', 0.07277829], ['sunglass', 0.07034586]]",32
f7ae0d62d6016d2e3de6229515d6e37c2a6e3044552e28121bebf2d1b0b09ded,./data/f7ae0d62d6016d2e3de6229515d6e37c2a6e3044552e28121bebf2d1b0b09ded.jpg,f7ae0d62d6016d2e3de6229515d6e37c2a6e3044552e28121bebf2d1b0b09ded,f7ae0d62d6016d2e3de6229515d6e37c2a6e3044552e28121bebf2d1b0b09ded,f6f24d584c83c3746b9f0cb8de0856e8d84b,./data/cropped/f7ae0d62d6016d2e3de6229515d6e37c2a6e3044552e28121bebf2d1b0b09ded.jpg,[0.03256399 0.47026357 0.01444533 ... 3.109419   0.03451539 0.22641714],"[['comic_book', 0.91045934], ['book_jacket', 0.047025703], ['refrigerator', 0.0066865208], ['carton', 0.003644019], ['street_sign', 0.0028334106]]",[0.03256399 0.47026357 0.01444533 ... 3.109419   0.03451539 0.22641714],"[['comic_book', 0.91045934], ['book_jacket', 0.047025703], ['refrigerator', 0.0066865208], ['carton', 0.003644019], ['street_sign', 0.0028334106]]",20
fe15a4ff8e621b5c04885ec3882b400c04c03760cfb8f2c83fcb32215aa3d6de,./data/fe15a4ff8e621b5c04885ec3882b400c04c03760cfb8f2c83fcb32215aa3d6de.jpg,fe15a4ff8e621b5c04885ec3882b400c04c03760cfb8f2c83fcb32215aa3d6de,fe15a4ff8e621b5c04885ec3882b400c04c03760cfb8f2c83fcb32215aa3d6de,ac5da24f5ad06ea6ec80fe1b24e3ed80f0c5,./data/cropped/fe15a4ff8e621b5c04885ec3882b400c04c03760cfb8f2c83fcb32215aa3d6de.jpg,[0.27796638 1.0114577  0.03287371 ... 0.6929211  1.7139977  0.6289956 ],"[['ice_lolly', 0.647435], ['ashcan', 0.055903614], ['vending_machine', 0.03262583], ['library', 0.024779245], ['toyshop', 0.02203084]]",[0.27796638 1.0114577  0.03287371 ... 0.6929211  1.7139977  0.6289956 ],"[['ice_lolly', 0.647435], ['ashcan', 0.055903614], ['vending_machine', 0.03262583], ['library', 0.024779245], ['toyshop', 0.02203084]]",2
f9d175af5cd5632c6a034ece490c445be404ae610f973c1988cece184608a508,./data/f9d175af5cd5632c6a034ece490c445be404ae610f973c1988cece184608a508.jpg,f9d175af5cd5632c6a034ece490c445be404ae610f973c1988cece184608a508,f9d175af5cd5632c6a034ece490c445be404ae610f973c1988cece184608a508,aff27fd00580cc284b48d627c724bc32f1f7,./data/cropped/f9d175af5cd5632c6a034ece490c445be404ae610f973c1988cece184608a508.jpg,[0.32715234 0.09863742 0.         ... 0.07662339 0.0460975  0.33862212],"[['web_site', 0.99249023], ['wig', 0.0015648205], ['comic_book', 0.00066557375], ['hair_spray', 0.0005956676], ['hand_blower', 0.00038704538]]",[0.32715234 0.09863742 0.         ... 0.07662339 0.0460975  0.33862212],"[['web_site', 0.99249023], ['wig', 0.0015648205], ['comic_book', 0.00066557375], ['hair_spray', 0.0005956676], ['hand_blower', 0.00038704538]]",33
fe90c4d52a4359c1f36164c72fe88c0adcf92f2d025b414cc2dbc388c8b84200,./data/fe90c4d52a4359c1f36164c72fe88c0adcf92f2d025b414cc2dbc388c8b84200.jpg,fe90c4d52a4359c1f36164c72fe88c0adcf92f2d025b414cc2dbc388c8b84200,fe90c4d52a4359c1f36164c72fe88c0adcf92f2d025b414cc2dbc388c8b84200,8c93893591ea4937af2bd0a6cbf0e750e741,./data/cropped/fe90c4d52a4359c1f36164c72fe88c0adcf92f2d025b414cc2dbc388c8b84200.jpg,[0.15491877 0.01853115 0.         ... 0.4734206  0.4817491  0.64537907],"[['jigsaw_puzzle', 0.76705086], ['confectionery', 0.15428065], ['bakery', 0.027909385], ['shoe_shop', 0.015948338], ['slot', 0.013443762]]",[0.15491877 0.01853115 0.         ... 0.4734206  0.4817491  0.64537907],"[['jigsaw_puzzle', 0.76705086], ['confectionery', 0.15428065], ['bakery', 0.027909385], ['shoe_shop', 0.015948338], ['slot', 0.013443762]]",1
f16a50a33035d551105334d32c5879a16315391992e749407f178d0f9525176b,./data/f16a50a33035d551105334d32c5879a16315391992e749407f178d0f9525176b.png,f16a50a33035d551105334d32c5879a16315391992e749407f178d0f9525176b,f16a50a33035d551105334d32c5879a16315391992e749407f178d0f9525176b,f6d305582a17c0fcc94b83f8876c89cc3c3f,./data/cropped/f16a50a33035d551105334d32c5879a16315391992e749407f178d0f9525176b.jpg,[0.13410309 1.6018646  0.         ... 1.2665542  0.0059567  0.24436003],"[['comic_book', 0.7963383], ['electric_guitar', 0.040257804], ['book_jacket', 0.037605148], ['carton', 0.024404299], ['street_sign', 0.013008353]]",[0.13410309 1.6018646  0.         ... 1.2665542  0.0059567  0.24436003],"[['comic_book', 0.7963383], ['electric_guitar', 0.040257804], ['book_jacket', 0.037605148], ['carton', 0.024404299], ['street_sign', 0.013008353]]",20
f8ebb2f0b738b51c6a797cc48d0e7147dddfc9ccc99b1779aa58d65b430cc28f,./data/f8ebb2f0b738b51c6a797cc48d0e7147dddfc9ccc99b1779aa58d65b430cc28f.jpg,f8ebb2f0b738b51c6a797cc48d0e7147dddfc9ccc99b1779aa58d65b430cc28f,f8ebb2f0b738b51c6a797cc48d0e7147dddfc9ccc99b1779aa58d65b430cc28f,8bf83fd507e0fa0fc009f83f05f0af542e60,./data/cropped/f8ebb2f0b738b51c6a797cc48d0e7147dddfc9ccc99b1779aa58d65b430cc28f.jpg,[0.3595168  0.6323628  0.5841106  ... 0.03315329 0.04406742 0.01704852],"[['web_site', 0.59592426], ['envelope', 0.09763263], ['screw', 0.021768816], ['corn', 0.015421113], ['hook', 0.012460684]]",[0.3595168  0.6323628  0.5841106  ... 0.03315329 0.04406742 0.01704852],"[['web_site', 0.59592426], ['envelope', 0.09763263], ['screw', 0.021768816], ['corn', 0.015421113], ['hook', 0.012460684]]",33
fdb359348c75e817bd8c87e35ac83b862889eeefbc69df2364b84d771718fc78,./data/fdb359348c75e817bd8c87e35ac83b862889eeefbc69df2364b84d771718fc78.jpg,fdb359348c75e817bd8c87e35ac83b862889eeefbc69df2364b84d771718fc78,fdb359348c75e817bd8c87e35ac83b862889eeefbc69df2364b84d771718fc78,8847c4a45e6c156a566c7ce75f8919f72817,./data/cropped/fdb359348c75e817bd8c87e35ac83b862889eeefbc69df2364b84d771718fc78.jpg,[2.365505   0.711612   0.28824607 ... 0.         0.6067453  0.13308088],"[['web_site', 0.4995438], ['matchstick', 0.39455068], ['menu', 0.021001393], ['comic_book', 0.012247551], ['candle', 0.00817337]]",[2.365505   0.711612   0.28824607 ... 0.         0.6067453  0.13308088],"[['web_site', 0.4995438], ['matchstick', 0.39455068], ['menu', 0.021001393], ['comic_book', 0.012247551], ['candle', 0.00817337]]",37
fc702595ee98b06dacb7b02c090bd81e33094c5fef0ccc0306b7f2e764747073,./data/fc702595ee98b06dacb7b02c090bd81e33094c5fef0ccc0306b7f2e764747073.jpg,fc702595ee98b06dacb7b02c090bd81e33094c5fef0ccc0306b7f2e764747073,fc702595ee98b06dacb7b02c090bd81e33094c5fef0ccc0306b7f2e764747073,de6a191bf6469bda3a6c41f1a0a0f57631a4,./data/cropped/fc702595ee98b06dacb7b02c090bd81e33094c5fef0ccc0306b7f2e764747073.jpg,[0.09374406 0.36106732 0.12729727 ... 0.6316594  0.12083581 0.22766359],"[['web_site', 0.37172535], ['computer_keyboard', 0.35153458], ['joystick', 0.041584738], ['mouse', 0.038212087], ['desktop_computer', 0.03466935]]",[0.09374406 0.36106732 0.12729727 ... 0.6316594  0.12083581 0.22766359],"[['web_site', 0.37172535], ['computer_keyboard', 0.35153458], ['joystick', 0.041584738], ['mouse', 0.038212087], ['desktop_computer', 0.03466935]]",32
fb11b8b4730847f22ac42dcd0eed839793964b9cf4aa1ef6fa37146e01eb6b2f,./data/fb11b8b4730847f22ac42dcd0eed839793964b9cf4aa1ef6fa37146e01eb6b2f.jpg,fb11b8b4730847f22ac42dcd0eed839793964b9cf4aa1ef6fa37146e01eb6b2f,fb11b8b4730847f22ac42dcd0eed839793964b9cf4aa1ef6fa37146e01eb6b2f,b9be4c039d68ab0d218b4da3612c73ce2de7,./data/cropped/fb11b8b4730847f22ac42dcd0eed839793964b9cf4aa1ef6fa37146e01eb6b2f.jpg,[0.02157856 0.03663984 0.16072667 ... 2.1383338  0.4228706  0.23419818],"[['pill_bottle', 0.9562859], ['hair_spray', 0.016951809], ['medicine_chest', 0.007577133], ['lotion', 0.0049226643], ['sunscreen', 0.004287625]]",[0.02157856 0.03663984 0.16072667 ... 2.1383338  0.4228706  0.23419818],"[['pill_bottle', 0.9562859], ['hair_spray', 0.016951809], ['medicine_chest', 0.007577133], ['lotion', 0.0049226643], ['sunscreen', 0.004287625]]",11
f7e5caa852f70e8ddd5d63a0f914be68845027f8fbda8935abee8d5460a0044d,./data/f7e5caa852f70e8ddd5d63a0f914be68845027f8fbda8935abee8d5460a0044d.jpg,f7e5caa852f70e8ddd5d63a0f914be68845027f8fbda8935abee8d5460a0044d,f7e5caa852f70e8ddd5d63a0f914be68845027f8fbda8935abee8d5460a0044d,8e1ac1568f3185797389194baba96c96f9d2,./data/cropped/f7e5caa852f70e8ddd5d63a0f914be68845027f8fbda8935abee8d5460a0044d.jpg,[0.00504017 0.43856832 0.15181926 ... 0.00101421 0.03887156 0.20049663],"[['brass', 0.9754283], ['chainlink_fence', 0.015294999], ['street_sign', 0.0016185743], ['park_bench', 0.0015869171], ['cash_machine', 0.0005003488]]",[0.00504017 0.43856832 0.15181926 ... 0.00101421 0.03887156 0.20049663],"[['brass', 0.9754283], ['chainlink_fence', 0.015294999], ['street_sign', 0.0016185743], ['park_bench', 0.0015869171], ['cash_machine', 0.0005003488]]",8
ff243990470a2e8098d8346f99821486a833cdc47d4669eb853fecbf1ad05525,./data/ff243990470a2e8098d8346f99821486a833cdc47d4669eb853fecbf1ad05525.jpg,ff243990470a2e8098d8346f99821486a833cdc47d4669eb853fecbf1ad05525,ff243990470a2e8098d8346f99821486a833cdc47d4669eb853fecbf1ad05525,b9ece0e34c447bb07f9c0744e03cb845d967,./data/cropped/ff243990470a2e8098d8346f99821486a833cdc47d4669eb853fecbf1ad05525.jpg,[0.03788015 0.84690315 0.00998276 ... 0.10572691 0.01065062 0.03329157],"[['comic_book', 0.3253727], ['web_site', 0.20607074], ['coffee_mug', 0.0492546], ['lighter', 0.025118623], ['menu', 0.022568071]]",[0.03788015 0.84690315 0.00998276 ... 0.10572691 0.01065062 0.03329157],"[['comic_book', 0.3253727], ['web_site', 0.20607074], ['coffee_mug', 0.0492546], ['lighter', 0.025118623], ['menu', 0.022568071]]",39
f93fc9b66f994ca1c8e3330c691effc8563d7f663456f55d53751cf6b4ea8041,./data/f93fc9b66f994ca1c8e3330c691effc8563d7f663456f55d53751cf6b4ea8041.jpg,f93fc9b66f994ca1c8e3330c691effc8563d7f663456f55d53751cf6b4ea8041,f93fc9b66f994ca1c8e3330c691effc8563d7f663456f55d53751cf6b4ea8041,d036fe66c312c4b5b83ec22755635cd7108f,./data/cropped/f93fc9b66f994ca1c8e3330c691effc8563d7f663456f55d53751cf6b4ea8041.jpg,[0.60824436 1.5944585  1.1245813  ... 0.03340401 0.03093529 1.12963   ],"[['television', 0.16729127], ['comic_book', 0.106173456], ['electric_ray', 0.09400232], ['jigsaw_puzzle', 0.077152275], ['web_site', 0.07478376]]",[0.60824436 1.5944585  1.1245813  ... 0.03340401 0.03093529 1.12963   ],"[['television', 0.16729127], ['comic_book', 0.106173456], ['electric_ray', 0.09400232], ['jigsaw_puzzle', 0.077152275], ['web_site', 0.07478376]]",54
fa61eb7ed25fbe650e25c2352cee9c83768516375c628f308f883bd61ccbcdd3,./data/fa61eb7ed25fbe650e25c2352cee9c83768516375c628f308f883bd61ccbcdd3.jpg,fa61eb7ed25fbe650e25c2352cee9c83768516375c628f308f883bd61ccbcdd3,fa61eb7ed25fbe650e25c2352cee9c83768516375c628f308f883bd61ccbcdd3,affd00cd01dc6176278d0b1994c2c373f7e8,./data/cropped/fa61eb7ed25fbe650e25c2352cee9c83768516375c628f308f883bd61ccbcdd3.jpg,[0.0297241  0.64712346 0.1556454  ... 0.10897481 0.         0.8859728 ],"[['web_site', 0.7153266], ['comic_book', 0.03377132], ['jean', 0.017190447], ['book_jacket', 0.016636068], ['bulletproof_vest', 0.012890499]]",[0.0297241  0.64712346 0.1556454  ... 0.10897481 0.         0.8859728 ],"[['web_site', 0.7153266], ['comic_book', 0.03377132], ['jean', 0.017190447], ['book_jacket', 0.016636068], ['bulletproof_vest', 0.012890499]]",33
f04624f954037986c67f6fe35fd2f7c431efb24e445326873fe6f836f25ea7bb,./data/f04624f954037986c67f6fe35fd2f7c431efb24e445326873fe6f836f25ea7bb.png,f04624f954037986c67f6fe35fd2f7c431efb24e445326873fe6f836f25ea7bb,f04624f954037986c67f6fe35fd2f7c431efb24e445326873fe6f836f25ea7bb,8d13997491ea4937aa3bd0becab0e740e745,./data/cropped/f04624f954037986c67f6fe35fd2f7c431efb24e445326873fe6f836f25ea7bb.jpg,[0.18042456 0.00611181 0.08498259 ... 0.6236967  0.28343675 0.2924424 ],"[['jigsaw_puzzle', 0.5021848], ['confectionery', 0.18523374], ['slot', 0.15240675], ['comic_book', 0.05080155], ['carton', 0.026535947]]",[0.18042456 0.00611181 0.08498259 ... 0.6236967  0.28343675 0.2924424 ],"[['jigsaw_puzzle', 0.5021848], ['confectionery', 0.18523374], ['slot', 0.15240675], ['comic_book', 0.05080155], ['carton', 0.026535947]]",1
f9a256921cdd91c8540e6dcf479da087c064ac08ce96516e6d17750bdc4f98a7,./data/f9a256921cdd91c8540e6dcf479da087c064ac08ce96516e6d17750bdc4f98a7.png,f9a256921cdd91c8540e6dcf479da087c064ac08ce96516e6d17750bdc4f98a7,f9a256921cdd91c8540e6dcf479da087c064ac08ce96516e6d17750bdc4f98a7,8cbabd1b66b6e485add13d226be56308da12,./data/cropped/f9a256921cdd91c8540e6dcf479da087c064ac08ce96516e6d17750bdc4f98a7.jpg,[0.04744069 0.80804366 0.00495096 ... 0.6274734  0.01244467 0.3059901 ],"[['ballplayer', 0.12088235], ['web_site', 0.091767505], ['bulletproof_vest', 0.06479906], ['jean', 0.036495913], ['baseball', 0.024322057]]",[0.04744069 0.80804366 0.00495096 ... 0.6274734  0.01244467 0.3059901 ],"[['ballplayer', 0.12088235], ['web_site', 0.091767505], ['bulletproof_vest', 0.06479906], ['jean', 0.036495913], ['baseball', 0.024322057]]",33
f7fd6ae72f79086fa48500da68079064fce28dffb7720bee70e2e97736f136a9,./data/f7fd6ae72f79086fa48500da68079064fce28dffb7720bee70e2e97736f136a9.png,f7fd6ae72f79086fa48500da68079064fce28dffb7720bee70e2e97736f136a9,f7fd6ae72f79086fa48500da68079064fce28dffb7720bee70e2e97736f136a9,88866ac5599d2ea66a91d3d9e669361986eb,./data/cropped/f7fd6ae72f79086fa48500da68079064fce28dffb7720bee70e2e97736f136a9.jpg,[0.         0.         0.         ... 0.05513925 0.         0.00974712],"[['web_site', 0.44825047], ['envelope', 0.028774941], ['nematode', 0.01172687], ['can_opener', 0.011439366], ['nail', 0.009105415]]",[0.         0.         0.         ... 0.05513925 0.         0.00974712],"[['web_site', 0.44825047], ['envelope', 0.028774941], ['nematode', 0.01172687], ['can_opener', 0.011439366], ['nail', 0.009105415]]",33
fbb727149f0ac02713daaf97391a23f9a80eaa1e58cf112ae6096a72cfd7584e,./data/fbb727149f0ac02713daaf97391a23f9a80eaa1e58cf112ae6096a72cfd7584e.png,fbb727149f0ac02713daaf97391a23f9a80eaa1e58cf112ae6096a72cfd7584e,fbb727149f0ac02713daaf97391a23f9a80eaa1e58cf112ae6096a72cfd7584e,dd5eca8b4d2a0b8195e52cbdfa305c3c3c1c,./data/cropped/fbb727149f0ac02713daaf97391a23f9a80eaa1e58cf112ae6096a72cfd7584e.jpg,[0.625309   0.45638758 0.27397382 ... 0.13369307 0.539253   0.03304872],"[['seat_belt', 0.5397112], ['car_mirror', 0.10571976], ['go-kart', 0.06371201], ['sunglasses', 0.022601638], ['crutch', 0.020751586]]",[0.625309   0.45638758 0.27397382 ... 0.13369307 0.539253   0.03304872],"[['seat_belt', 0.5397112], ['car_mirror', 0.10571976], ['go-kart', 0.06371201], ['sunglasses', 0.022601638], ['crutch', 0.020751586]]",33
f49bec939e8d0dee307a4b621478eeada708422a4959b406ab0b9c879822eba0,./data/f49bec939e8d0dee307a4b621478eeada708422a4959b406ab0b9c879822eba0.jpg,f49bec939e8d0dee307a4b621478eeada708422a4959b406ab0b9c879822eba0,f49bec939e8d0dee307a4b621478eeada708422a4959b406ab0b9c879822eba0,aff30e9731a548d949b1369448a1f896786f,./data/cropped/f49bec939e8d0dee307a4b621478eeada708422a4959b406ab0b9c879822eba0.jpg,[0.07118215 0.00202611 0.39303327 ... 0.5107729  0.94183147 0.        ],"[['menu', 0.9298322], ['web_site', 0.045843907], ['paintbrush', 0.0026033544], ['sunglasses', 0.0020801427], ['sunglass', 0.0018353396]]",[0.07118215 0.00202611 0.39303327 ... 0.5107729  0.94183147 0.        ],"[['menu', 0.9298322], ['web_site', 0.045843907], ['paintbrush', 0.0026033544], ['sunglasses', 0.0020801427], ['sunglass', 0.0018353396]]",52
f2216d883367c3ee8368b9f2974c5a023d7a0b8002436f5b7ba3eb3f7bf54b9e,./data/f2216d883367c3ee8368b9f2974c5a023d7a0b8002436f5b7ba3eb3f7bf54b9e.jpg,f2216d883367c3ee8368b9f2974c5a023d7a0b8002436f5b7ba3eb3f7bf54b9e,f2216d883367c3ee8368b9f2974c5a023d7a0b8002436f5b7ba3eb3f7bf54b9e,fe07c801b21fab4ca050bdf77fddb120a2c2,./data/cropped/f2216d883367c3ee8368b9f2974c5a023d7a0b8002436f5b7ba3eb3f7bf54b9e.jpg,[0.17175555 1.4286505  0.01310991 ... 0.14733364 0.785697   0.03145745],"[['prison', 0.097573146], ['upright', 0.08737538], ['analog_clock', 0.086871706], ['scoreboard', 0.08394414], ['web_site', 0.053705525]]",[0.17175555 1.4286505  0.01310991 ... 0.14733364 0.785697   0.03145745],"[['prison', 0.097573146], ['upright', 0.08737538], ['analog_clock', 0.086871706], ['scoreboard', 0.08394414], ['web_site', 0.053705525]]",13
f3865bcc99cb7fce1d76bb2c048aa44355aed7b1f034b7cf20962960c9ba13f4,./data/f3865bcc99cb7fce1d76bb2c048aa44355aed7b1f034b7cf20962960c9ba13f4.jpg,f3865bcc99cb7fce1d76bb2c048aa44355aed7b1f034b7cf20962960c9ba13f4,f3865bcc99cb7fce1d76bb2c048aa44355aed7b1f034b7cf20962960c9ba13f4,f6689d8a2addd62ebe68565e56c2519d2818,./data/cropped/f3865bcc99cb7fce1d76bb2c048aa44355aed7b1f034b7cf20962960c9ba13f4.jpg,[0.01527887 0.29274562 0.9222992  ... 0.05528959 0.86286235 1.260709  ],"[['folding_chair', 0.2574864], ['recreational_vehicle', 0.1818021], ['golfcart', 0.11097908], ['minibus', 0.09998377], ['mortarboard', 0.08151624]]",[0.01527887 0.29274562 0.9222992  ... 0.05528959 0.86286235 1.260709  ],"[['folding_chair', 0.2574864], ['recreational_vehicle', 0.1818021], ['golfcart', 0.11097908], ['minibus', 0.09998377], ['mortarboard', 0.08151624]]",60
f53e5d85ddee7a29f424d0f27ab2ac6290a6eb048798594f7b0dad828b15ac5a,./data/f53e5d85ddee7a29f424d0f27ab2ac6290a6eb048798594f7b0dad828b15ac5a.jpg,f53e5d85ddee7a29f424d0f27ab2ac6290a6eb048798594f7b0dad828b15ac5a,f53e5d85ddee7a29f424d0f27ab2ac6290a6eb048798594f7b0dad828b15ac5a,abf33795b33fb143d36a1dc4ee8c00cc0c68,./data/cropped/f53e5d85ddee7a29f424d0f27ab2ac6290a6eb048798594f7b0dad828b15ac5a.jpg,[0.         0.84675443 0.03437088 ... 0.04577455 0.00946378 0.08261526],"[['web_site', 0.43778113], ['plunger', 0.013823026], ['crossword_puzzle', 0.013494423], ['envelope', 0.013193986], ['toilet_seat', 0.012899729]]",[0.         0.84675443 0.03437088 ... 0.04577455 0.00946378 0.08261526],"[['web_site', 0.43778113], ['plunger', 0.013823026], ['crossword_puzzle', 0.013494423], ['envelope', 0.013193986], ['toilet_seat', 0.012899729]]",33
f7fa3f978fcacb6678d03132a16fd52edd7f698d264a5e066064983ff352d6a5,./data/f7fa3f978fcacb6678d03132a16fd52edd7f698d264a5e066064983ff352d6a5.jpg,f7fa3f978fcacb6678d03132a16fd52edd7f698d264a5e066064983ff352d6a5,f7fa3f978fcacb6678d03132a16fd52edd7f698d264a5e066064983ff352d6a5,ea794cb18da3e7570e170a2dd13e6234f185,./data/cropped/f7fa3f978fcacb6678d03132a16fd52edd7f698d264a5e066064983ff352d6a5.jpg,[0.00409746 2.0905614  1.1039152  ... 0.41053545 1.1151305  0.71071416],"[['assault_rifle', 0.42396504], ['rifle', 0.30658677], ['military_uniform', 0.10545617], ['bassoon', 0.058718994], ['bow', 0.03630197]]",[0.00409746 2.0905614  1.1039152  ... 0.41053545 1.1151305  0.71071416],"[['assault_rifle', 0.42396504], ['rifle', 0.30658677], ['military_uniform', 0.10545617], ['bassoon', 0.058718994], ['bow', 0.03630197]]",38
fcb14c38f5da00758e7064db69535816f4876962678c18e1b6d4a751a27b98e9,./data/fcb14c38f5da00758e7064db69535816f4876962678c18e1b6d4a751a27b98e9.jpg,fcb14c38f5da00758e7064db69535816f4876962678c18e1b6d4a751a27b98e9,fcb14c38f5da00758e7064db69535816f4876962678c18e1b6d4a751a27b98e9,9801de4bf1a176f8979e714a3922b6d8c5e2,./data/cropped/fcb14c38f5da00758e7064db69535816f4876962678c18e1b6d4a751a27b98e9.jpg,[0.22403318 0.08308692 0.         ... 1.1101466  1.3078164  0.6369005 ],"[['comic_book', 0.9990476], ['slot', 0.0003830555], ['envelope', 8.941595e-05], ['web_site', 6.122181e-05], ['laptop', 4.6375822e-05]]",[0.22403318 0.08308692 0.         ... 1.1101466  1.3078164  0.6369005 ],"[['comic_book', 0.9990476], ['slot', 0.0003830555], ['envelope', 8.941595e-05], ['web_site', 6.122181e-05], ['laptop', 4.6375822e-05]]",41
fc6b1afce70ca14327dd67fe515194fa53161ab82188270690bd03b41ffa21fb,./data/fc6b1afce70ca14327dd67fe515194fa53161ab82188270690bd03b41ffa21fb.jpg,fc6b1afce70ca14327dd67fe515194fa53161ab82188270690bd03b41ffa21fb,fc6b1afce70ca14327dd67fe515194fa53161ab82188270690bd03b41ffa21fb,819f809fcbbffeb41d6414014035f87379cc,./data/cropped/fc6b1afce70ca14327dd67fe515194fa53161ab82188270690bd03b41ffa21fb.jpg,[0.18310088 1.6509246  0.         ... 4.3591576  0.53523725 1.1040431 ],"[['comic_book', 0.19257581], ['rock_beauty', 0.13130175], ['parachute', 0.11589714], ['balloon', 0.07527567], ['rapeseed', 0.05646771]]",[0.18310088 1.6509246  0.         ... 4.3591576  0.53523725 1.1040431 ],"[['comic_book', 0.19257581], ['rock_beauty', 0.13130175], ['parachute', 0.11589714], ['balloon', 0.07527567], ['rapeseed', 0.05646771]]",3
fab6b66eec7c713fbc40bdbd7e44dfa76ff3504478d5fbecbc6d9d916b39b834,./data/fab6b66eec7c713fbc40bdbd7e44dfa76ff3504478d5fbecbc6d9d916b39b834.jpg,fab6b66eec7c713fbc40bdbd7e44dfa76ff3504478d5fbecbc6d9d916b39b834,fab6b66eec7c713fbc40bdbd7e44dfa76ff3504478d5fbecbc6d9d916b39b834,8605ea25521779e8157eff68401ff06a287f,./data/cropped/fab6b66eec7c713fbc40bdbd7e44dfa76ff3504478d5fbecbc6d9d916b39b834.jpg,[0.2917079  0.09284295 0.         ... 0.07821997 0.86744815 0.01060058],"[['scoreboard', 0.16632387], ['monitor', 0.16571699], ['hand-held_computer', 0.124046594], ['odometer', 0.084870316], ['laptop', 0.06491985]]",[0.2917079  0.09284295 0.         ... 0.07821997 0.86744815 0.01060058],"[['scoreboard', 0.16632387], ['monitor', 0.16571699], ['hand-held_computer', 0.124046594], ['odometer', 0.084870316], ['laptop', 0.06491985]]",27
faa34a1750cd53a97c0a2747121e1cbda020540b740f95501270f8fab2d70375,./data/faa34a1750cd53a97c0a2747121e1cbda020540b740f95501270f8fab2d70375.jpg,faa34a1750cd53a97c0a2747121e1cbda020540b740f95501270f8fab2d70375,faa34a1750cd53a97c0a2747121e1cbda020540b740f95501270f8fab2d70375,b9181996acc63b4de50ed9c325f65971c1b8,./data/cropped/faa34a1750cd53a97c0a2747121e1cbda020540b740f95501270f8fab2d70375.jpg,[1.4840851  0.20036988 0.1050662  ... 0.         0.75918156 0.3352235 ],"[['bathing_cap', 0.58998865], ['fountain', 0.1078958], ['loupe', 0.09512893], ['bubble', 0.08318797], ['gong', 0.021044549]]",[1.4840851  0.20036988 0.1050662  ... 0.         0.75918156 0.3352235 ],"[['bathing_cap', 0.58998865], ['fountain', 0.1078958], ['loupe', 0.09512893], ['bubble', 0.08318797], ['gong', 0.021044549]]",59
fe696051e29a1903b453f0c2ca5f8da16cd2767b479362fce0ad1c248bb1bd24,./data/fe696051e29a1903b453f0c2ca5f8da16cd2767b479362fce0ad1c248bb1bd24.jpg,fe696051e29a1903b453f0c2ca5f8da16cd2767b479362fce0ad1c248bb1bd24,fe696051e29a1903b453f0c2ca5f8da16cd2767b479362fce0ad1c248bb1bd24,9d0c6be15afc8b414142cbcb9878d4bfe985,./data/cropped/fe696051e29a1903b453f0c2ca5f8da16cd2767b479362fce0ad1c248bb1bd24.jpg,[0.00953699 1.3334564  0.07634097 ... 3.3047862  0.3676562  0.11754922],"[['jean', 0.53746766], ['Afghan_hound', 0.050210252], ['hand_blower', 0.020671276], ['web_site', 0.020284405], ['Saluki', 0.019413777]]",[0.00953699 1.3334564  0.07634097 ... 3.3047862  0.3676562  0.11754922],"[['jean', 0.53746766], ['Afghan_hound', 0.050210252], ['hand_blower', 0.020671276], ['web_site', 0.020284405], ['Saluki', 0.019413777]]",17
fc20e8934adb5a7f49b5dd6e76e0f5db1fd31ef9e3488c01c925b9c4e7e75b54,./data/fc20e8934adb5a7f49b5dd6e76e0f5db1fd31ef9e3488c01c925b9c4e7e75b54.jpg,fc20e8934adb5a7f49b5dd6e76e0f5db1fd31ef9e3488c01c925b9c4e7e75b54,fc20e8934adb5a7f49b5dd6e76e0f5db1fd31ef9e3488c01c925b9c4e7e75b54,aae2bed51d41d402ae2be617d51d409ec23f,./data/cropped/fc20e8934adb5a7f49b5dd6e76e0f5db1fd31ef9e3488c01c925b9c4e7e75b54.jpg,[0.         0.         0.         ... 0.24953376 0.         0.0166039 ],"[['web_site', 0.27725098], ['envelope', 0.055170525], ['can_opener', 0.018434433], ['hook', 0.013335364], ['dishwasher', 0.013006044]]",[0.         0.         0.         ... 0.24953376 0.         0.0166039 ],"[['web_site', 0.27725098], ['envelope', 0.055170525], ['can_opener', 0.018434433], ['hook', 0.013335364], ['dishwasher', 0.013006044]]",33
fdc47c53cce52646608067c7333a558d9082aa201e38c70091735cc57df31b34,./data/fdc47c53cce52646608067c7333a558d9082aa201e38c70091735cc57df31b34.jpg,fdc47c53cce52646608067c7333a558d9082aa201e38c70091735cc57df31b34,fdc47c53cce52646608067c7333a558d9082aa201e38c70091735cc57df31b34,a4ee4e5b01f0a4f0b6fc95b2a7c84f981393,./data/cropped/fdc47c53cce52646608067c7333a558d9082aa201e38c70091735cc57df31b34.jpg,[0.9881389  0.32147235 0.07276253 ... 0.98758745 0.49608472 0.2655212 ],"[['slug', 0.32093522], ['hook', 0.24004957], ['banana', 0.23696685], ['nail', 0.043335803], ['eft', 0.016225358]]",[0.9881389  0.32147235 0.07276253 ... 0.98758745 0.49608472 0.2655212 ],"[['slug', 0.32093522], ['hook', 0.24004957], ['banana', 0.23696685], ['nail', 0.043335803], ['eft', 0.016225358]]",49
f58e90c81daeac1c6a4ec6cadb1100122dd55b5ca21f7ec3a02c24d76926c770,./data/f58e90c81daeac1c6a4ec6cadb1100122dd55b5ca21f7ec3a02c24d76926c770.png,f58e90c81daeac1c6a4ec6cadb1100122dd55b5ca21f7ec3a02c24d76926c770,f58e90c81daeac1c6a4ec6cadb1100122dd55b5ca21f7ec3a02c24d76926c770,b99dfc81ecc6c0339fee1c036f8d20c71e0c,./data/cropped/f58e90c81daeac1c6a4ec6cadb1100122dd55b5ca21f7ec3a02c24d76926c770.jpg,[1.4098743  0.4836587  0.74868333 ... 1.4227499  0.10168722 0.33473775],"[['hair_spray', 0.14608686], ['toilet_tissue', 0.14393958], ['web_site', 0.092027985], ['harmonica', 0.06026267], ['hand_blower', 0.050883643]]",[1.4098743  0.4836587  0.74868333 ... 1.4227499  0.10168722 0.33473775],"[['hair_spray', 0.14608686], ['toilet_tissue', 0.14393958], ['web_site', 0.092027985], ['harmonica', 0.06026267], ['hand_blower', 0.050883643]]",28
f226c18faa7a8e53a7769244464f14c47c377ab247fc804a177d812663c4ab75,./data/f226c18faa7a8e53a7769244464f14c47c377ab247fc804a177d812663c4ab75.jpg,f226c18faa7a8e53a7769244464f14c47c377ab247fc804a177d812663c4ab75,f226c18faa7a8e53a7769244464f14c47c377ab247fc804a177d812663c4ab75,a15d6d9bb24525d7facc48a3fd041d742cc1,./data/cropped/f226c18faa7a8e53a7769244464f14c47c377ab247fc804a177d812663c4ab75.jpg,[0.46272057 0.00420507 0.07912625 ... 0.18995655 0.01963621 0.5083409 ],"[['dial_telephone', 0.34220907], ['microphone', 0.14158379], ['web_site', 0.13482681], ['sax', 0.059479777], ['Windsor_tie', 0.043328788]]",[0.46272057 0.00420507 0.07912625 ... 0.18995655 0.01963621 0.5083409 ],"[['dial_telephone', 0.34220907], ['microphone', 0.14158379], ['web_site', 0.13482681], ['sax', 0.059479777], ['Windsor_tie', 0.043328788]]",33
fb22ffd9776579588bf6d236fabe958bbbe00f64eb5e94e26d92611fbfdf61dd,./data/fb22ffd9776579588bf6d236fabe958bbbe00f64eb5e94e26d92611fbfdf61dd.png,fb22ffd9776579588bf6d236fabe958bbbe00f64eb5e94e26d92611fbfdf61dd,fb22ffd9776579588bf6d236fabe958bbbe00f64eb5e94e26d92611fbfdf61dd,c01950a3d6a22af3bae018f83bd6a36e763b,./data/cropped/fb22ffd9776579588bf6d236fabe958bbbe00f64eb5e94e26d92611fbfdf61dd.jpg,[0.2113062  0.         0.07818075 ... 0.09173138 0.         0.        ],"[['web_site', 0.7794851], ['nematode', 0.0099965], ['bubble', 0.009907564], ['isopod', 0.0079748845], ['menu', 0.007897711]]",[0.2113062  0.         0.07818075 ... 0.09173138 0.         0.        ],"[['web_site', 0.7794851], ['nematode', 0.0099965], ['bubble', 0.009907564], ['isopod', 0.0079748845], ['menu', 0.007897711]]",29
f306912dd37b759daf3f0680d9cf9082f995214e971c8d2611e8fe7ed97666b1,./data/f306912dd37b759daf3f0680d9cf9082f995214e971c8d2611e8fe7ed97666b1.jpg,f306912dd37b759daf3f0680d9cf9082f995214e971c8d2611e8fe7ed97666b1,f306912dd37b759daf3f0680d9cf9082f995214e971c8d2611e8fe7ed97666b1,b9d96ccd2ce3f20f08c6649693b21f0e7698,./data/cropped/f306912dd37b759daf3f0680d9cf9082f995214e971c8d2611e8fe7ed97666b1.jpg,[1.5764637  2.1379783  3.0155814  ... 0.51502055 0.48174614 0.32028228],"[['Granny_Smith', 0.5219902], ['hook', 0.18891461], ['web_site', 0.065527424], ['can_opener', 0.032287043], ['bell_pepper', 0.03142727]]",[1.5764637  2.1379783  3.0155814  ... 0.51502055 0.48174614 0.32028228],"[['Granny_Smith', 0.5219902], ['hook', 0.18891461], ['web_site', 0.065527424], ['can_opener', 0.032287043], ['bell_pepper', 0.03142727]]",53
fe814bc74d1af443c1b06c5bb7a82f9d6e467d7e60b35389e35a3621fdc2dc02,./data/fe814bc74d1af443c1b06c5bb7a82f9d6e467d7e60b35389e35a3621fdc2dc02.jpg,fe814bc74d1af443c1b06c5bb7a82f9d6e467d7e60b35389e35a3621fdc2dc02,fe814bc74d1af443c1b06c5bb7a82f9d6e467d7e60b35389e35a3621fdc2dc02,efbba44bac6e3e9412d6ead51460b84e113a,./data/cropped/fe814bc74d1af443c1b06c5bb7a82f9d6e467d7e60b35389e35a3621fdc2dc02.jpg,[0.         0.16274874 0.04320148 ... 0.53806096 0.09437875 0.        ],"[['comic_book', 0.9734737], ['book_jacket', 0.02598409], ['envelope', 0.00011287657], ['jigsaw_puzzle', 9.1996095e-05], ['pencil_box', 5.009111e-05]]",[0.         0.16274874 0.04320148 ... 0.53806096 0.09437875 0.        ],"[['comic_book', 0.9734737], ['book_jacket', 0.02598409], ['envelope', 0.00011287657], ['jigsaw_puzzle', 9.1996095e-05], ['pencil_box', 5.009111e-05]]",42
f7eecbfa84d7ce5d18fb181bb3589da6e75332dd36335584a368449de5b1ef13,./data/f7eecbfa84d7ce5d18fb181bb3589da6e75332dd36335584a368449de5b1ef13.jpg,f7eecbfa84d7ce5d18fb181bb3589da6e75332dd36335584a368449de5b1ef13,f7eecbfa84d7ce5d18fb181bb3589da6e75332dd36335584a368449de5b1ef13,d86a79a5e5a67916678fe88366c1815628bd,./data/cropped/f7eecbfa84d7ce5d18fb181bb3589da6e75332dd36335584a368449de5b1ef13.jpg,[0.         0.32123485 0.0963191  ... 0.01101391 0.1231189  0.64517325],"[['web_site', 0.37333515], ['jean', 0.067149974], ['comic_book', 0.04726409], ['bookshop', 0.032370515], ['confectionery', 0.030711206]]",[0.         0.32123485 0.0963191  ... 0.01101391 0.1231189  0.64517325],"[['web_site', 0.37333515], ['jean', 0.067149974], ['comic_book', 0.04726409], ['bookshop', 0.032370515], ['confectionery', 0.030711206]]",33
fa10f5c8d70749593c3a19a6fa244a6b8880da9da2d605900959789dc1ad98c0,./data/fa10f5c8d70749593c3a19a6fa244a6b8880da9da2d605900959789dc1ad98c0.jpg,fa10f5c8d70749593c3a19a6fa244a6b8880da9da2d605900959789dc1ad98c0,fa10f5c8d70749593c3a19a6fa244a6b8880da9da2d605900959789dc1ad98c0,a2fe277609dcc9a7181be363e6948e2c3b24,./data/cropped/fa10f5c8d70749593c3a19a6fa244a6b8880da9da2d605900959789dc1ad98c0.jpg,[0.07625679 0.00323364 0.00516269 ... 2.6960318  0.02485113 0.86483663],"[['handkerchief', 0.6554661], ['envelope', 0.14649044], ['rubber_eraser', 0.0361662], ['bib', 0.036012355], ['pillow', 0.029486114]]",[0.07625679 0.00323364 0.00516269 ... 2.6960318  0.02485113 0.86483663],"[['handkerchief', 0.6554661], ['envelope', 0.14649044], ['rubber_eraser', 0.0361662], ['bib', 0.036012355], ['pillow', 0.029486114]]",6
f12aac97060a89b6fe881f03ecd7ec38933d0dc781a9a515901c113de10252e0,./data/f12aac97060a89b6fe881f03ecd7ec38933d0dc781a9a515901c113de10252e0.jpg,f12aac97060a89b6fe881f03ecd7ec38933d0dc781a9a515901c113de10252e0,f12aac97060a89b6fe881f03ecd7ec38933d0dc781a9a515901c113de10252e0,f8c97543230cd776b230db73578e4c3824e5,./data/cropped/f12aac97060a89b6fe881f03ecd7ec38933d0dc781a9a515901c113de10252e0.jpg,[0.29426056 0.26558298 0.41732717 ... 1.6089326  0.55940944 0.        ],"[['bikini', 0.28963807], ['book_jacket', 0.13891567], ['snorkel', 0.13585411], ['comic_book', 0.068774045], ['maillot', 0.060367167]]",[0.29426056 0.26558298 0.41732717 ... 1.6089326  0.55940944 0.        ],"[['bikini', 0.28963807], ['book_jacket', 0.13891567], ['snorkel', 0.13585411], ['comic_book', 0.068774045], ['maillot', 0.060367167]]",31
f88580891955e8dc275c1a20265c25f2ef0e1fb1172c1c4ae8edfa70e9d59955,./data/f88580891955e8dc275c1a20265c25f2ef0e1fb1172c1c4ae8edfa70e9d59955.png,f88580891955e8dc275c1a20265c25f2ef0e1fb1172c1c4ae8edfa70e9d59955,f88580891955e8dc275c1a20265c25f2ef0e1fb1172c1c4ae8edfa70e9d59955,9ee915e116339444ee19b4d9b55e26b151d3,./data/cropped/f88580891955e8dc275c1a20265c25f2ef0e1fb1172c1c4ae8edfa70e9d59955.jpg,[0.39843446 0.01076632 0.         ... 0.8122666  2.5528724  0.43514508],"[['tricycle', 0.6681615], ['vacuum', 0.12044521], ['knee_pad', 0.041665338], ['moped', 0.02436874], ['motor_scooter', 0.017066428]]",[0.39843446 0.01076632 0.         ... 0.8122666  2.5528724  0.43514508],"[['tricycle', 0.6681615], ['vacuum', 0.12044521], ['knee_pad', 0.041665338], ['moped', 0.02436874], ['motor_scooter', 0.017066428]]",33
fa49055a76c00293281e1c2caf52c691be63e77438b3c174f29e2d22c5733b3a,./data/fa49055a76c00293281e1c2caf52c691be63e77438b3c174f29e2d22c5733b3a.jpg,fa49055a76c00293281e1c2caf52c691be63e77438b3c174f29e2d22c5733b3a,fa49055a76c00293281e1c2caf52c691be63e77438b3c174f29e2d22c5733b3a,83fbf0b42c0fc956b0dfa60f43a1f8fc5082,./data/cropped/fa49055a76c00293281e1c2caf52c691be63e77438b3c174f29e2d22c5733b3a.jpg,[0.2585449  0.         0.95228964 ... 1.3728123  0.04087003 0.08058996],"[['rock_crab', 0.289025], ['book_jacket', 0.18726748], ['comic_book', 0.07547927], ['scorpion', 0.059790015], ['fiddler_crab', 0.04069078]]",[0.2585449  0.         0.95228964 ... 1.3728123  0.04087003 0.08058996],"[['rock_crab', 0.289025], ['book_jacket', 0.18726748], ['comic_book', 0.07547927], ['scorpion', 0.059790015], ['fiddler_crab', 0.04069078]]",15
f56adf0a23f62e7aa6df957e8e809a6efd2578bf82b58dfa68a1e9f2f792de4d,./data/f56adf0a23f62e7aa6df957e8e809a6efd2578bf82b58dfa68a1e9f2f792de4d.jpg,f56adf0a23f62e7aa6df957e8e809a6efd2578bf82b58dfa68a1e9f2f792de4d,f56adf0a23f62e7aa6df957e8e809a6efd2578bf82b58dfa68a1e9f2f792de4d,85cfbbbc75490bd8d6a43cad2d44c236391c,./data/cropped/f56adf0a23f62e7aa6df957e8e809a6efd2578bf82b58dfa68a1e9f2f792de4d.jpg,[0.77252555 0.4653659  0.63335484 ... 0.         0.         0.8216286 ],"[['web_site', 0.7531092], ['notebook', 0.050629996], ['groom', 0.03574053], ['gown', 0.035019822], ['jigsaw_puzzle', 0.019549737]]",[0.77252555 0.4653659  0.63335484 ... 0.         0.         0.8216286 ],"[['web_site', 0.7531092], ['notebook', 0.050629996], ['groom', 0.03574053], ['gown', 0.035019822], ['jigsaw_puzzle', 0.019549737]]",32
fe277a99cd39304118d1acc40b4abe81f16a5577065e61b6eadadfcbcc9dd96c,./data/fe277a99cd39304118d1acc40b4abe81f16a5577065e61b6eadadfcbcc9dd96c.jpg,fe277a99cd39304118d1acc40b4abe81f16a5577065e61b6eadadfcbcc9dd96c,fe277a99cd39304118d1acc40b4abe81f16a5577065e61b6eadadfcbcc9dd96c,eea9b7c44cd5d2269c1b370a1a7569c95c4c,./data/cropped/fe277a99cd39304118d1acc40b4abe81f16a5577065e61b6eadadfcbcc9dd96c.jpg,[0.03555142 0.7915296  0.         ... 0.54144293 0.7839371  1.0603598 ],"[['abaya', 0.810244], ['kimono', 0.025226427], ['web_site', 0.022866638], ['cleaver', 0.011749085], ['dial_telephone', 0.0076601123]]",[0.03555142 0.7915296  0.         ... 0.54144293 0.7839371  1.0603598 ],"[['abaya', 0.810244], ['kimono', 0.025226427], ['web_site', 0.022866638], ['cleaver', 0.011749085], ['dial_telephone', 0.0076601123]]",33
f297680e9fced3ae0ec742f5350cedb913ec082a0890716f4ab0daf37b1010c9,./data/f297680e9fced3ae0ec742f5350cedb913ec082a0890716f4ab0daf37b1010c9.png,f297680e9fced3ae0ec742f5350cedb913ec082a0890716f4ab0daf37b1010c9,f297680e9fced3ae0ec742f5350cedb913ec082a0890716f4ab0daf37b1010c9,f6f345780c8742f4eb8b83e88d060dccbc1f,./data/cropped/f297680e9fced3ae0ec742f5350cedb913ec082a0890716f4ab0daf37b1010c9.jpg,[0.01141309 1.9137877  0.02519894 ... 1.1104343  0.18544252 0.11036244],"[['comic_book', 0.2088454], ['street_sign', 0.10202462], ['freight_car', 0.094694234], ['recreational_vehicle', 0.09176749], ['electric_guitar', 0.06334762]]",[0.01141309 1.9137877  0.02519894 ... 1.1104343  0.18544252 0.11036244],"[['comic_book', 0.2088454], ['street_sign', 0.10202462], ['freight_car', 0.094694234], ['recreational_vehicle', 0.09176749], ['electric_guitar', 0.06334762]]",20
fd5e44ef9f5d89f6a2bc4f11750dfbb8f398468dfa7275ea8242a46aa9d484f9,./data/fd5e44ef9f5d89f6a2bc4f11750dfbb8f398468dfa7275ea8242a46aa9d484f9.jpg,fd5e44ef9f5d89f6a2bc4f11750dfbb8f398468dfa7275ea8242a46aa9d484f9,fd5e44ef9f5d89f6a2bc4f11750dfbb8f398468dfa7275ea8242a46aa9d484f9,9bba2de5254bb30599945ef052ba54e1d383,./data/cropped/fd5e44ef9f5d89f6a2bc4f11750dfbb8f398468dfa7275ea8242a46aa9d484f9.jpg,[0.33403993 1.424819   1.5307281  ... 0.00328093 1.2131985  0.36419362],"[['web_site', 0.4241289], ['toaster', 0.10111462], ['gown', 0.04937949], ['hamper', 0.041631814], ['butternut_squash', 0.02422002]]",[0.33403993 1.424819   1.5307281  ... 0.00328093 1.2131985  0.36419362],"[['web_site', 0.4241289], ['toaster', 0.10111462], ['gown', 0.04937949], ['hamper', 0.041631814], ['butternut_squash', 0.02422002]]",30
fa594b6b47ef77087ec6c93cb7834edc8ba0526a3bbd7eaf2fa5d921c9b930f2,./data/fa594b6b47ef77087ec6c93cb7834edc8ba0526a3bbd7eaf2fa5d921c9b930f2.jpg,fa594b6b47ef77087ec6c93cb7834edc8ba0526a3bbd7eaf2fa5d921c9b930f2,fa594b6b47ef77087ec6c93cb7834edc8ba0526a3bbd7eaf2fa5d921c9b930f2,8ff10764969b896d24359b4ab461f4f811fa,./data/cropped/fa594b6b47ef77087ec6c93cb7834edc8ba0526a3bbd7eaf2fa5d921c9b930f2.jpg,[0.0405758  0.13761146 0.03174752 ... 0.76111823 0.69032145 0.05841662],"[['web_site', 0.5332273], ['comic_book', 0.11530794], ['menu', 0.0401381], ['television', 0.03274808], ['slot', 0.021814821]]",[0.0405758  0.13761146 0.03174752 ... 0.76111823 0.69032145 0.05841662],"[['web_site', 0.5332273], ['comic_book', 0.11530794], ['menu', 0.0401381], ['television', 0.03274808], ['slot', 0.021814821]]",40
f51bed6d9f63897f6ac1c3789e375cb46c37f4786f54eb844edfa16f0c3441cb,./data/f51bed6d9f63897f6ac1c3789e375cb46c37f4786f54eb844edfa16f0c3441cb.jpg,f51bed6d9f63897f6ac1c3789e375cb46c37f4786f54eb844edfa16f0c3441cb,f51bed6d9f63897f6ac1c3789e375cb46c37f4786f54eb844edfa16f0c3441cb,ec91365253493344d2c94d6bb32ca9eacdad,./data/cropped/f51bed6d9f63897f6ac1c3789e375cb46c37f4786f54eb844edfa16f0c3441cb.jpg,[0.45341113 2.2986984  0.43364012 ... 0.828959   0.06162564 0.11762588],"[['web_site', 0.4803995], ['monitor', 0.21027267], ['screen', 0.09072524], ['desktop_computer', 0.06467809], ['laptop', 0.026560746]]",[0.45341113 2.2986984  0.43364012 ... 0.828959   0.06162564 0.11762588],"[['web_site', 0.4803995], ['monitor', 0.21027267], ['screen', 0.09072524], ['desktop_computer', 0.06467809], ['laptop', 0.026560746]]",25
fccaa6c638d27330d82eb0a764b9069716226256c4e446d42fe1979307bc0df9,./data/fccaa6c638d27330d82eb0a764b9069716226256c4e446d42fe1979307bc0df9.png,fccaa6c638d27330d82eb0a764b9069716226256c4e446d42fe1979307bc0df9,fccaa6c638d27330d82eb0a764b9069716226256c4e446d42fe1979307bc0df9,fef3adc06c03a5717b0f0cb85c05d64a9c69,./data/cropped/fccaa6c638d27330d82eb0a764b9069716226256c4e446d42fe1979307bc0df9.jpg,[0.         0.07678542 0.03143917 ... 1.8779165  0.00625671 0.12201218],"[['comic_book', 0.5528233], ['book_jacket', 0.06974888], ['street_sign', 0.032626934], ['face_powder', 0.013577602], ['remote_control', 0.013130585]]",[0.         0.07678542 0.03143917 ... 1.8779165  0.00625671 0.12201218],"[['comic_book', 0.5528233], ['book_jacket', 0.06974888], ['street_sign', 0.032626934], ['face_powder', 0.013577602], ['remote_control', 0.013130585]]",20
f3066a8832705e6b222f1c746a506e7c7f2ddb71f7e8cc54f4b1452cbcb7f6b2,./data/f3066a8832705e6b222f1c746a506e7c7f2ddb71f7e8cc54f4b1452cbcb7f6b2.jpg,f3066a8832705e6b222f1c746a506e7c7f2ddb71f7e8cc54f4b1452cbcb7f6b2,f3066a8832705e6b222f1c746a506e7c7f2ddb71f7e8cc54f4b1452cbcb7f6b2,8bab45ef187138e0ad4d25bae85b54c65792,./data/cropped/f3066a8832705e6b222f1c746a506e7c7f2ddb71f7e8cc54f4b1452cbcb7f6b2.jpg,[0.06501574 0.0957939  0.06862474 ... 0.31729084 0.48007992 0.6137143 ],"[['mousetrap', 0.7272482], ['rule', 0.06252657], ['jigsaw_puzzle', 0.041422553], ['web_site', 0.026509574], ['crate', 0.018028667]]",[0.06501574 0.0957939  0.06862474 ... 0.31729084 0.48007992 0.6137143 ],"[['mousetrap', 0.7272482], ['rule', 0.06252657], ['jigsaw_puzzle', 0.041422553], ['web_site', 0.026509574], ['crate', 0.018028667]]",32
fe7f8f4c3598d909b3c16fc20074ea84a14c360814e744fd1bea34a39a9bbf08,./data/fe7f8f4c3598d909b3c16fc20074ea84a14c360814e744fd1bea34a39a9bbf08.jpg,fe7f8f4c3598d909b3c16fc20074ea84a14c360814e744fd1bea34a39a9bbf08,fe7f8f4c3598d909b3c16fc20074ea84a14c360814e744fd1bea34a39a9bbf08,87b0966afc86d5617c552990c093f9c794f9,./data/cropped/fe7f8f4c3598d909b3c16fc20074ea84a14c360814e744fd1bea34a39a9bbf08.jpg,[0.10068382 3.4597688  0.07404426 ... 0.21313876 0.45065728 0.796095  ],"[['web_site', 0.5362528], ['diaper', 0.07931627], ['maillot', 0.0611266], ['pajama', 0.05826959], ['sunglasses', 0.056657545]]",[0.10068382 3.4597688  0.07404426 ... 0.21313876 0.45065728 0.796095  ],"[['web_site', 0.5362528], ['diaper', 0.07931627], ['maillot', 0.0611266], ['pajama', 0.05826959], ['sunglasses', 0.056657545]]",55
f42f736c4568dd77e5cc264b9e2e9b5311997fdf21c23dacc6f5d6a5424f7346,./data/f42f736c4568dd77e5cc264b9e2e9b5311997fdf21c23dacc6f5d6a5424f7346.jpg,f42f736c4568dd77e5cc264b9e2e9b5311997fdf21c23dacc6f5d6a5424f7346,f42f736c4568dd77e5cc264b9e2e9b5311997fdf21c23dacc6f5d6a5424f7346,eaa911b554e4c893364a86ddb26ce3b5c963,./data/cropped/f42f736c4568dd77e5cc264b9e2e9b5311997fdf21c23dacc6f5d6a5424f7346.jpg,[0.         0.02654282 0.00525527 ... 0.290135   0.0973676  0.00961795],"[['comic_book', 0.37879637], ['web_site', 0.15154651], ['pencil_box', 0.072939016], ['Band_Aid', 0.055504847], ['envelope', 0.031511005]]",[0.         0.02654282 0.00525527 ... 0.290135   0.0973676  0.00961795],"[['comic_book', 0.37879637], ['web_site', 0.15154651], ['pencil_box', 0.072939016], ['Band_Aid', 0.055504847], ['envelope', 0.031511005]]",39
fa9e8295aaaf0525f4ef28ea205a3c8cf9cbe3f0096ad0f73e85965a03b994cd,./data/fa9e8295aaaf0525f4ef28ea205a3c8cf9cbe3f0096ad0f73e85965a03b994cd.jpg,fa9e8295aaaf0525f4ef28ea205a3c8cf9cbe3f0096ad0f73e85965a03b994cd,fa9e8295aaaf0525f4ef28ea205a3c8cf9cbe3f0096ad0f73e85965a03b994cd,87982d5867f3e61a1c5988a13667decf9c21,./data/cropped/fa9e8295aaaf0525f4ef28ea205a3c8cf9cbe3f0096ad0f73e85965a03b994cd.jpg,[0.5668724  0.859196   1.156689   ... 0.16579245 0.16362038 1.7287543 ],"[['web_site', 0.25419018], ['monitor', 0.088297516], ['lakeside', 0.055647645], ['microwave', 0.052520078], ['television', 0.03850244]]",[0.5668724  0.859196   1.156689   ... 0.16579245 0.16362038 1.7287543 ],"[['web_site', 0.25419018], ['monitor', 0.088297516], ['lakeside', 0.055647645], ['microwave', 0.052520078], ['television', 0.03850244]]",16
fcce6be9f85bf0fbedd9b9c0eb1b1e6b6d22554323d6ba3ec47d0165a9aa6515,./data/fcce6be9f85bf0fbedd9b9c0eb1b1e6b6d22554323d6ba3ec47d0165a9aa6515.jpg,fcce6be9f85bf0fbedd9b9c0eb1b1e6b6d22554323d6ba3ec47d0165a9aa6515,fcce6be9f85bf0fbedd9b9c0eb1b1e6b6d22554323d6ba3ec47d0165a9aa6515,efa965e9d9563e869533342c28ef94970861,./data/cropped/fcce6be9f85bf0fbedd9b9c0eb1b1e6b6d22554323d6ba3ec47d0165a9aa6515.jpg,[0.51168555 0.524723   0.00351706 ... 0.3975563  0.3829848  0.31132016],"[['web_site', 0.33198413], ['pajama', 0.10472123], ['jean', 0.057377417], ['Windsor_tie', 0.024156101], ['abaya', 0.021808667]]",[0.51168555 0.524723   0.00351706 ... 0.3975563  0.3829848  0.31132016],"[['web_site', 0.33198413], ['pajama', 0.10472123], ['jean', 0.057377417], ['Windsor_tie', 0.024156101], ['abaya', 0.021808667]]",33
f55244f9c11243f694477fddf639f41c6900767bdea0b3bd0223e9fd36f9937c,./data/f55244f9c11243f694477fddf639f41c6900767bdea0b3bd0223e9fd36f9937c.jpg,f55244f9c11243f694477fddf639f41c6900767bdea0b3bd0223e9fd36f9937c,f55244f9c11243f694477fddf639f41c6900767bdea0b3bd0223e9fd36f9937c,e96694ccd96b963b32b149dc84d6433136b6,./data/cropped/f55244f9c11243f694477fddf639f41c6900767bdea0b3bd0223e9fd36f9937c.jpg,[0.7538009  0.33360595 0.         ... 0.26668864 0.         0.7667712 ],"[['web_site', 0.995924], ['menu', 0.0006818895], ['jean', 0.00027966558], ['lipstick', 0.00026146823], ['hand_blower', 0.00024391145]]",[0.7538009  0.33360595 0.         ... 0.26668864 0.         0.7667712 ],"[['web_site', 0.995924], ['menu', 0.0006818895], ['jean', 0.00027966558], ['lipstick', 0.00026146823], ['hand_blower', 0.00024391145]]",33
f79c0f69f0918a8ac3e9bcfa01358e355eab5f5f6340ade1921fe606408ed919,./data/f79c0f69f0918a8ac3e9bcfa01358e355eab5f5f6340ade1921fe606408ed919.jpg,f79c0f69f0918a8ac3e9bcfa01358e355eab5f5f6340ade1921fe606408ed919,f79c0f69f0918a8ac3e9bcfa01358e355eab5f5f6340ade1921fe606408ed919,d2d992a5eeb4a53b4be1986de6384d6244c9,./data/cropped/f79c0f69f0918a8ac3e9bcfa01358e355eab5f5f6340ade1921fe606408ed919.jpg,[0.41306472 0.02699203 0.01402168 ... 0.14484191 0.01919435 0.2930927 ],"[['sax', 0.13999833], ['revolver', 0.122060515], ['microphone', 0.10639243], ['stage', 0.09469825], ['Indian_cobra', 0.03509732]]",[0.41306472 0.02699203 0.01402168 ... 0.14484191 0.01919435 0.2930927 ],"[['sax', 0.13999833], ['revolver', 0.122060515], ['microphone', 0.10639243], ['stage', 0.09469825], ['Indian_cobra', 0.03509732]]",23
f8448f98c0a9d8caace5d07fe2931e5bcb16eb74abdbdd220d8a4eb936bc341b,./data/f8448f98c0a9d8caace5d07fe2931e5bcb16eb74abdbdd220d8a4eb936bc341b.jpg,f8448f98c0a9d8caace5d07fe2931e5bcb16eb74abdbdd220d8a4eb936bc341b,f8448f98c0a9d8caace5d07fe2931e5bcb16eb74abdbdd220d8a4eb936bc341b,8a85a88ddb3222e970091833fc2eb37b5b3f,./data/cropped/f8448f98c0a9d8caace5d07fe2931e5bcb16eb74abdbdd220d8a4eb936bc341b.jpg,[1.0709784  2.7470694  0.02981321 ... 0.05928709 1.3814703  1.1481146 ],"[['comic_book', 0.56055206], ['web_site', 0.4193355], ['refrigerator', 0.003229585], ['television', 0.0025049767], ['barbershop', 0.0014807764]]",[1.0709784  2.7470694  0.02981321 ... 0.05928709 1.3814703  1.1481146 ],"[['comic_book', 0.56055206], ['web_site', 0.4193355], ['refrigerator', 0.003229585], ['television', 0.0025049767], ['barbershop', 0.0014807764]]",47
f83f957437ffa4f35d54ffb481186e7329e0a4bb080bba6e2df95c3ddc5beb2a,./data/f83f957437ffa4f35d54ffb481186e7329e0a4bb080bba6e2df95c3ddc5beb2a.jpg,f83f957437ffa4f35d54ffb481186e7329e0a4bb080bba6e2df95c3ddc5beb2a,f83f957437ffa4f35d54ffb481186e7329e0a4bb080bba6e2df95c3ddc5beb2a,b66c6969d1f1f05e76d158a95347243c4da2,./data/cropped/f83f957437ffa4f35d54ffb481186e7329e0a4bb080bba6e2df95c3ddc5beb2a.jpg,[0.1360138  0.35294276 0.18321884 ... 1.657677   0.35900244 0.68355095],"[['lab_coat', 0.87015796], ['stethoscope', 0.051637053], ['flute', 0.021985045], ['harmonica', 0.008817351], ['oxygen_mask', 0.0073502106]]",[0.1360138  0.35294276 0.18321884 ... 1.657677   0.35900244 0.68355095],"[['lab_coat', 0.87015796], ['stethoscope', 0.051637053], ['flute', 0.021985045], ['harmonica', 0.008817351], ['oxygen_mask', 0.0073502106]]",18
f6671c0e78777ef269d4cc94d2109984720b4a65e4cee2048fba3f754da26464,./data/f6671c0e78777ef269d4cc94d2109984720b4a65e4cee2048fba3f754da26464.jpg,f6671c0e78777ef269d4cc94d2109984720b4a65e4cee2048fba3f754da26464,f6671c0e78777ef269d4cc94d2109984720b4a65e4cee2048fba3f754da26464,bcf96ccbcea30e661b1f8105a6be18cf2087,./data/cropped/f6671c0e78777ef269d4cc94d2109984720b4a65e4cee2048fba3f754da26464.jpg,[0.40962946 0.69738215 0.00588442 ... 0.54401034 0.         0.66758364],"[['web_site', 0.6463098], ['Windsor_tie', 0.10420611], ['suit', 0.031560622], ['jean', 0.028904043], ['cellular_telephone', 0.011818238]]",[0.40962946 0.69738215 0.00588442 ... 0.54401034 0.         0.66758364],"[['web_site', 0.6463098], ['Windsor_tie', 0.10420611], ['suit', 0.031560622], ['jean', 0.028904043], ['cellular_telephone', 0.011818238]]",33
f665c40b44bb3ceb0d5ea8cca7cdf3bc87b1a94b0809c6be0e6f72300583f6c3,./data/f665c40b44bb3ceb0d5ea8cca7cdf3bc87b1a94b0809c6be0e6f72300583f6c3.png,f665c40b44bb3ceb0d5ea8cca7cdf3bc87b1a94b0809c6be0e6f72300583f6c3,f665c40b44bb3ceb0d5ea8cca7cdf3bc87b1a94b0809c6be0e6f72300583f6c3,d54aaba713ca369c8767158e6344392719de,./data/cropped/f665c40b44bb3ceb0d5ea8cca7cdf3bc87b1a94b0809c6be0e6f72300583f6c3.jpg,"[1.4616179e-01 9.0918714e-01 8.3394925e-04 ... 1.1875378e+00 5.5131257e-01
 3.2472938e-01]","[['comic_book', 0.36901763], ['envelope', 0.16808043], ['shower_curtain', 0.07167008], ['pencil_sharpener', 0.06050907], ['book_jacket', 0.02968228]]","[1.4616179e-01 9.0918714e-01 8.3394925e-04 ... 1.1875378e+00 5.5131257e-01
 3.2472938e-01]","[['comic_book', 0.36901763], ['envelope', 0.16808043], ['shower_curtain', 0.07167008], ['pencil_sharpener', 0.06050907], ['book_jacket', 0.02968228]]",43
fd86a5d06abb174452ff0c978b356c481e158177ac7355994bec8f19137a1c8b,./data/fd86a5d06abb174452ff0c978b356c481e158177ac7355994bec8f19137a1c8b.jpg,fd86a5d06abb174452ff0c978b356c481e158177ac7355994bec8f19137a1c8b,fd86a5d06abb174452ff0c978b356c481e158177ac7355994bec8f19137a1c8b,d007aa7aac00c146be8158551ff97f8552ff,./data/cropped/fd86a5d06abb174452ff0c978b356c481e158177ac7355994bec8f19137a1c8b.jpg,[0.02060763 0.64220154 0.02849676 ... 0.         0.32355145 0.24163663],"[['web_site', 0.9939213], ['Polaroid_camera', 0.003029774], ['stopwatch', 0.00037945295], ['digital_clock', 0.00023616919], ['envelope', 0.00019040247]]",[0.02060763 0.64220154 0.02849676 ... 0.         0.32355145 0.24163663],"[['web_site', 0.9939213], ['Polaroid_camera', 0.003029774], ['stopwatch', 0.00037945295], ['digital_clock', 0.00023616919], ['envelope', 0.00019040247]]",29
f3560e1332fb965721e991e67d338ce2cc19342aed363845fc0163bab5f02415,./data/f3560e1332fb965721e991e67d338ce2cc19342aed363845fc0163bab5f02415.jpg,f3560e1332fb965721e991e67d338ce2cc19342aed363845fc0163bab5f02415,f3560e1332fb965721e991e67d338ce2cc19342aed363845fc0163bab5f02415,8e2b0dcb05ceb3b4e678c033bce819af3784,./data/cropped/f3560e1332fb965721e991e67d338ce2cc19342aed363845fc0163bab5f02415.jpg,[0.76977974 0.55445224 0.012865   ... 0.02480157 0.         2.178685  ],"[['web_site', 0.97249943], ['book_jacket', 0.010979172], ['comic_book', 0.003974284], ['cash_machine', 0.00075422437], ['screen', 0.0007525546]]",[0.76977974 0.55445224 0.012865   ... 0.02480157 0.         2.178685  ],"[['web_site', 0.97249943], ['book_jacket', 0.010979172], ['comic_book', 0.003974284], ['cash_machine', 0.00075422437], ['screen', 0.0007525546]]",35
fefaf1500c1313e71230ffe560fb94277f3b3fa9d5028273678751aac10b90aa,./data/fefaf1500c1313e71230ffe560fb94277f3b3fa9d5028273678751aac10b90aa.jpg,fefaf1500c1313e71230ffe560fb94277f3b3fa9d5028273678751aac10b90aa,fefaf1500c1313e71230ffe560fb94277f3b3fa9d5028273678751aac10b90aa,833df1cdc88e0e7670b2323751c8e77589b4,./data/cropped/fefaf1500c1313e71230ffe560fb94277f3b3fa9d5028273678751aac10b90aa.jpg,[0.22394252 0.13750781 0.04432615 ... 1.7824571  0.54006404 0.4227137 ],"[['dining_table', 0.1560291], ['restaurant', 0.13562134], ['electric_fan', 0.11895498], ['wall_clock', 0.047070023], ['desk', 0.043117248]]",[0.22394252 0.13750781 0.04432615 ... 1.7824571  0.54006404 0.4227137 ],"[['dining_table', 0.1560291], ['restaurant', 0.13562134], ['electric_fan', 0.11895498], ['wall_clock', 0.047070023], ['desk', 0.043117248]]",10
f25f353bafad41c71d698a854d4aaf112f2ffaebb8c0eed9a3e3246b5d92a731,./data/f25f353bafad41c71d698a854d4aaf112f2ffaebb8c0eed9a3e3246b5d92a731.jpg,f25f353bafad41c71d698a854d4aaf112f2ffaebb8c0eed9a3e3246b5d92a731,f25f353bafad41c71d698a854d4aaf112f2ffaebb8c0eed9a3e3246b5d92a731,ceb2277201ebcf8278e50cd1c97e03b27927,./data/cropped/f25f353bafad41c71d698a854d4aaf112f2ffaebb8c0eed9a3e3246b5d92a731.jpg,[0.         0.6544813  0.         ... 0.         0.26670778 0.30904403],"[['web_site', 0.9750558], ['scoreboard', 0.00542335], ['monitor', 0.0040710187], ['comic_book', 0.0025257457], ['television', 0.0017707434]]",[0.         0.6544813  0.         ... 0.         0.26670778 0.30904403],"[['web_site', 0.9750558], ['scoreboard', 0.00542335], ['monitor', 0.0040710187], ['comic_book', 0.0025257457], ['television', 0.0017707434]]",34
f80bd405da737800e89d1f067c2fe197113934bc013ed65ec4a18e1b355c70e1,./data/f80bd405da737800e89d1f067c2fe197113934bc013ed65ec4a18e1b355c70e1.jpg,f80bd405da737800e89d1f067c2fe197113934bc013ed65ec4a18e1b355c70e1,f80bd405da737800e89d1f067c2fe197113934bc013ed65ec4a18e1b355c70e1,85c9ea7a3617c5c9e893863e7c390542e4fa,./data/cropped/f80bd405da737800e89d1f067c2fe197113934bc013ed65ec4a18e1b355c70e1.jpg,[0.06581617 0.0629242  0.02905712 ... 0.13705093 0.86190754 0.26253358],"[['web_site', 0.5436672], ['television', 0.37150303], ['scoreboard', 0.036022745], ['monitor', 0.022580758], ['home_theater', 0.018648207]]",[0.06581617 0.0629242  0.02905712 ... 0.13705093 0.86190754 0.26253358],"[['web_site', 0.5436672], ['television', 0.37150303], ['scoreboard', 0.036022745], ['monitor', 0.022580758], ['home_theater', 0.018648207]]",14
fb55e9d3caf5fad3c5873938c16ff561801ab6e923b9465888a1bce54144a900,./data/fb55e9d3caf5fad3c5873938c16ff561801ab6e923b9465888a1bce54144a900.jpg,fb55e9d3caf5fad3c5873938c16ff561801ab6e923b9465888a1bce54144a900,fb55e9d3caf5fad3c5873938c16ff561801ab6e923b9465888a1bce54144a900,8ff07f87f25f780f80f80d80d90cf8da83d0,./data/cropped/fb55e9d3caf5fad3c5873938c16ff561801ab6e923b9465888a1bce54144a900.jpg,[0.05270095 0.7439254  0.         ... 0.         0.01982515 0.17406306],"[['web_site', 0.38729656], ['envelope', 0.017198896], ['academic_gown', 0.013506554], ['rifle', 0.0113737555], ['bloodhound', 0.010800828]]",[0.05270095 0.7439254  0.         ... 0.         0.01982515 0.17406306],"[['web_site', 0.38729656], ['envelope', 0.017198896], ['academic_gown', 0.013506554], ['rifle', 0.0113737555], ['bloodhound', 0.010800828]]",33
f48ad086e61d73867e8ca2594e25bc5e13f2e2d6a7c956ab27d37cbfe628cfe3,./data/f48ad086e61d73867e8ca2594e25bc5e13f2e2d6a7c956ab27d37cbfe628cfe3.jpg,f48ad086e61d73867e8ca2594e25bc5e13f2e2d6a7c956ab27d37cbfe628cfe3,f48ad086e61d73867e8ca2594e25bc5e13f2e2d6a7c956ab27d37cbfe628cfe3,aef9a5944a531ed36e3629a134696430f6f2,./data/cropped/f48ad086e61d73867e8ca2594e25bc5e13f2e2d6a7c956ab27d37cbfe628cfe3.jpg,[1.012857   0.04509013 1.6464427  ... 0.24925423 0.00174211 0.        ],"[['web_site', 0.96474034], ['green_mamba', 0.008199663], ['book_jacket', 0.003766345], ['comic_book', 0.002784525], ['vine_snake', 0.001827156]]",[1.012857   0.04509013 1.6464427  ... 0.24925423 0.00174211 0.        ],"[['web_site', 0.96474034], ['green_mamba', 0.008199663], ['book_jacket', 0.003766345], ['comic_book', 0.002784525], ['vine_snake', 0.001827156]]",33
fd7e03ee1d75458b2639c284c339d6a7f0d9cd933c999aeb75a4704f8d1e8529,./data/fd7e03ee1d75458b2639c284c339d6a7f0d9cd933c999aeb75a4704f8d1e8529.jpg,fd7e03ee1d75458b2639c284c339d6a7f0d9cd933c999aeb75a4704f8d1e8529,fd7e03ee1d75458b2639c284c339d6a7f0d9cd933c999aeb75a4704f8d1e8529,ffafd0c0231fe05366c4b84cc98613ced276,./data/cropped/fd7e03ee1d75458b2639c284c339d6a7f0d9cd933c999aeb75a4704f8d1e8529.jpg,[0.01572418 0.62067604 0.07507426 ... 0.         0.32529998 0.12338381],"[['comic_book', 0.2233433], ['packet', 0.17799145], ['swimming_trunks', 0.088483684], ['hamper', 0.066341594], ['jersey', 0.03662924]]",[0.01572418 0.62067604 0.07507426 ... 0.         0.32529998 0.12338381],"[['comic_book', 0.2233433], ['packet', 0.17799145], ['swimming_trunks', 0.088483684], ['hamper', 0.066341594], ['jersey', 0.03662924]]",12
f85985f0fe7e07fa989ad2482f7da8bfed57eaebf2cb042b60e89ad7ced62c0e,./data/f85985f0fe7e07fa989ad2482f7da8bfed57eaebf2cb042b60e89ad7ced62c0e.png,f85985f0fe7e07fa989ad2482f7da8bfed57eaebf2cb042b60e89ad7ced62c0e,f85985f0fe7e07fa989ad2482f7da8bfed57eaebf2cb042b60e89ad7ced62c0e,c218fd9be8f73962d37826c3603d68c29978,./data/cropped/f85985f0fe7e07fa989ad2482f7da8bfed57eaebf2cb042b60e89ad7ced62c0e.jpg,[0.11391728 0.00546024 0.5416817  ... 0.00791962 0.0273708  0.01411013],"[['web_site', 0.9924023], ['stopwatch', 0.0018759109], ['digital_clock', 0.0015616438], ['television', 0.00071661436], ['analog_clock', 0.0004443799]]",[0.11391728 0.00546024 0.5416817  ... 0.00791962 0.0273708  0.01411013],"[['web_site', 0.9924023], ['stopwatch', 0.0018759109], ['digital_clock', 0.0015616438], ['television', 0.00071661436], ['analog_clock', 0.0004443799]]",29
fe8ccaf8c093a777cfb0a844c1c013b2988a66fc873b99db1b3dd419323769b4,./data/fe8ccaf8c093a777cfb0a844c1c013b2988a66fc873b99db1b3dd419323769b4.jpg,fe8ccaf8c093a777cfb0a844c1c013b2988a66fc873b99db1b3dd419323769b4,fe8ccaf8c093a777cfb0a844c1c013b2988a66fc873b99db1b3dd419323769b4,fee6e21cee180390cc20cde3fe3b053d1b15,./data/cropped/fe8ccaf8c093a777cfb0a844c1c013b2988a66fc873b99db1b3dd419323769b4.jpg,[0.47514957 1.1058066  0.         ... 0.6190223  1.3304353  0.68558496],"[['backpack', 0.3297048], ['barbershop', 0.19613175], ['bulletproof_vest', 0.06633606], ['barber_chair', 0.04354887], ['brassiere', 0.042066313]]",[0.47514957 1.1058066  0.         ... 0.6190223  1.3304353  0.68558496],"[['backpack', 0.3297048], ['barbershop', 0.19613175], ['bulletproof_vest', 0.06633606], ['barber_chair', 0.04354887], ['brassiere', 0.042066313]]",21
fb2ae149186209275999bc66acea43792d182eebb6e573b8590db6a83cffd990,./data/fb2ae149186209275999bc66acea43792d182eebb6e573b8590db6a83cffd990.jpg,fb2ae149186209275999bc66acea43792d182eebb6e573b8590db6a83cffd990,fb2ae149186209275999bc66acea43792d182eebb6e573b8590db6a83cffd990,8577a89c362c9c295769485b36b3a913b6e6,./data/cropped/fb2ae149186209275999bc66acea43792d182eebb6e573b8590db6a83cffd990.jpg,[0.06985707 0.42547628 0.26880968 ... 0.06629935 0.         3.5515673 ],"[['web_site', 0.9749245], ['paddle', 0.0026395319], ['envelope', 0.0015176911], ['book_jacket', 0.0014263759], ['rule', 0.0013853437]]",[0.06985707 0.42547628 0.26880968 ... 0.06629935 0.         3.5515673 ],"[['web_site', 0.9749245], ['paddle', 0.0026395319], ['envelope', 0.0015176911], ['book_jacket', 0.0014263759], ['rule', 0.0013853437]]",34
f0465116c9a2f75dc04f8e49edbcfc6d75f012b63a3ba6efd5da71bb36017fdb,./data/f0465116c9a2f75dc04f8e49edbcfc6d75f012b63a3ba6efd5da71bb36017fdb.jpg,f0465116c9a2f75dc04f8e49edbcfc6d75f012b63a3ba6efd5da71bb36017fdb,f0465116c9a2f75dc04f8e49edbcfc6d75f012b63a3ba6efd5da71bb36017fdb,eb294c36b738a494b2a54b4d916696e153f6,./data/cropped/f0465116c9a2f75dc04f8e49edbcfc6d75f012b63a3ba6efd5da71bb36017fdb.jpg,[0.07244281 0.20141314 0.20819484 ... 0.13528778 0.12856282 0.44835043],"[['web_site', 0.99879396], ['monitor', 0.0002173022], ['screen', 0.00012126021], ['notebook', 7.7007295e-05], ['desktop_computer', 6.86188e-05]]",[0.07244281 0.20141314 0.20819484 ... 0.13528778 0.12856282 0.44835043],"[['web_site', 0.99879396], ['monitor', 0.0002173022], ['screen', 0.00012126021], ['notebook', 7.7007295e-05], ['desktop_computer', 6.86188e-05]]",30
fd01987d9e724d475a5bb5a621de57107b100e2c5c788e8b576fd1cf6729bc4d,./data/fd01987d9e724d475a5bb5a621de57107b100e2c5c788e8b576fd1cf6729bc4d.jpg,fd01987d9e724d475a5bb5a621de57107b100e2c5c788e8b576fd1cf6729bc4d,fd01987d9e724d475a5bb5a621de57107b100e2c5c788e8b576fd1cf6729bc4d,9c1e3cea39d811c6e34638ac9de9616a76e8,./data/cropped/fd01987d9e724d475a5bb5a621de57107b100e2c5c788e8b576fd1cf6729bc4d.jpg,[0.3701438  0.27416766 0.18311098 ... 0.97418714 0.00540697 2.507681  ],"[['web_site', 0.43568113], ['park_bench', 0.059762128], ['barrow', 0.052028388], ['pier', 0.035074666], ['bannister', 0.03283485]]",[0.3701438  0.27416766 0.18311098 ... 0.97418714 0.00540697 2.507681  ],"[['web_site', 0.43568113], ['park_bench', 0.059762128], ['barrow', 0.052028388], ['pier', 0.035074666], ['bannister', 0.03283485]]",36
fdc8f3a01c9a6286b1daa50472539f9d1888c9bcbc59db88e618e2dd1b567d9d,./data/fdc8f3a01c9a6286b1daa50472539f9d1888c9bcbc59db88e618e2dd1b567d9d.jpg,fdc8f3a01c9a6286b1daa50472539f9d1888c9bcbc59db88e618e2dd1b567d9d,fdc8f3a01c9a6286b1daa50472539f9d1888c9bcbc59db88e618e2dd1b567d9d,8cecb1b8e357cb240d8914cef6792695239e,./data/cropped/fdc8f3a01c9a6286b1daa50472539f9d1888c9bcbc59db88e618e2dd1b567d9d.jpg,[0.         0.2347126  0.3315183  ... 0.08994173 1.94089    1.131493  ],"[['stethoscope', 0.20799425], ['can_opener', 0.19501182], ['water_bottle', 0.105523735], ['lighter', 0.09476305], ['running_shoe', 0.055411443]]",[0.         0.2347126  0.3315183  ... 0.08994173 1.94089    1.131493  ],"[['stethoscope', 0.20799425], ['can_opener', 0.19501182], ['water_bottle', 0.105523735], ['lighter', 0.09476305], ['running_shoe', 0.055411443]]",51
fa7e5ded8149688f00ed7b238d359bec051342a0c4a715410d28bbe54e9accb4,./data/fa7e5ded8149688f00ed7b238d359bec051342a0c4a715410d28bbe54e9accb4.jpg,fa7e5ded8149688f00ed7b238d359bec051342a0c4a715410d28bbe54e9accb4,fa7e5ded8149688f00ed7b238d359bec051342a0c4a715410d28bbe54e9accb4,bbb0ef8f1e06e71118b0cc6250eb54997c2f,./data/cropped/fa7e5ded8149688f00ed7b238d359bec051342a0c4a715410d28bbe54e9accb4.jpg,[2.1321445  0.74791586 0.40236014 ... 1.4001372  0.50118566 0.00700389],"[['binoculars', 0.5629688], ['web_site', 0.16107252], ['harmonica', 0.06706451], ['microphone', 0.02725663], ['sunglasses', 0.013254159]]",[2.1321445  0.74791586 0.40236014 ... 1.4001372  0.50118566 0.00700389],"[['binoculars', 0.5629688], ['web_site', 0.16107252], ['harmonica', 0.06706451], ['microphone', 0.02725663], ['sunglasses', 0.013254159]]",28
f685d331deda717386de749e908c0fee667c7eb9f9082cec345590ac99c1581e,./data/f685d331deda717386de749e908c0fee667c7eb9f9082cec345590ac99c1581e.jpg,f685d331deda717386de749e908c0fee667c7eb9f9082cec345590ac99c1581e,f685d331deda717386de749e908c0fee667c7eb9f9082cec345590ac99c1581e,bee91dc83ec095ab64ea5dcac3c1433534cc,./data/cropped/f685d331deda717386de749e908c0fee667c7eb9f9082cec345590ac99c1581e.jpg,[0.03477306 0.12989888 0.01098677 ... 0.4347443  0.15182976 0.079552  ],"[['comic_book', 0.9527165], ['web_site', 0.03504676], ['book_jacket', 0.0029095449], ['slot', 0.00080897374], ['menu', 0.00069737394]]",[0.03477306 0.12989888 0.01098677 ... 0.4347443  0.15182976 0.079552  ],"[['comic_book', 0.9527165], ['web_site', 0.03504676], ['book_jacket', 0.0029095449], ['slot', 0.00080897374], ['menu', 0.00069737394]]",39
fbd7fdbe16b1927fa3fc3fabb39c972f9d312180b1bb0d8da5084e78ea7071a9,./data/fbd7fdbe16b1927fa3fc3fabb39c972f9d312180b1bb0d8da5084e78ea7071a9.png,fbd7fdbe16b1927fa3fc3fabb39c972f9d312180b1bb0d8da5084e78ea7071a9,fbd7fdbe16b1927fa3fc3fabb39c972f9d312180b1bb0d8da5084e78ea7071a9,bdfc24eabacefeac18add20473105f0e6112,./data/cropped/fbd7fdbe16b1927fa3fc3fabb39c972f9d312180b1bb0d8da5084e78ea7071a9.jpg,[0.28750804 0.         0.00903329 ... 0.3616043  0.13290232 0.2911994 ],"[['bookshop', 0.5496796], ['library', 0.40722346], ['bookcase', 0.02480282], ['comic_book', 0.0018982799], ['soft-coated_wheaten_terrier', 0.0013173601]]",[0.28750804 0.         0.00903329 ... 0.3616043  0.13290232 0.2911994 ],"[['bookshop', 0.5496796], ['library', 0.40722346], ['bookcase', 0.02480282], ['comic_book', 0.0018982799], ['soft-coated_wheaten_terrier', 0.0013173601]]",19
f7e9791032c2912a13dff52b55ba527679c176fe0e0d2dcea118fa743a31728c,./data/f7e9791032c2912a13dff52b55ba527679c176fe0e0d2dcea118fa743a31728c.jpg,f7e9791032c2912a13dff52b55ba527679c176fe0e0d2dcea118fa743a31728c,f7e9791032c2912a13dff52b55ba527679c176fe0e0d2dcea118fa743a31728c,bebe14c349c96ca3ea6b9c678d49190950ee,./data/cropped/f7e9791032c2912a13dff52b55ba527679c176fe0e0d2dcea118fa743a31728c.jpg,[0.51509213 1.694349   0.25395492 ... 0.56466204 0.31902108 1.1897267 ],"[['comic_book', 0.13469286], ['bell_cote', 0.092268], ['web_site', 0.07303024], ['church', 0.04794284], ['spatula', 0.042641837]]",[0.51509213 1.694349   0.25395492 ... 0.56466204 0.31902108 1.1897267 ],"[['comic_book', 0.13469286], ['bell_cote', 0.092268], ['web_site', 0.07303024], ['church', 0.04794284], ['spatula', 0.042641837]]",39
f249f6727bc2b51d6729919ef31d12ef7c307bb85640cbf21e0af79af1e10632,./data/f249f6727bc2b51d6729919ef31d12ef7c307bb85640cbf21e0af79af1e10632.png,f249f6727bc2b51d6729919ef31d12ef7c307bb85640cbf21e0af79af1e10632,f249f6727bc2b51d6729919ef31d12ef7c307bb85640cbf21e0af79af1e10632,8cd5b9469b02626637bdd92ea265d3729932,./data/cropped/f249f6727bc2b51d6729919ef31d12ef7c307bb85640cbf21e0af79af1e10632.jpg,[0.36446753 0.15036835 0.06030995 ... 0.10487788 3.3669465  0.5943002 ],"[['comic_book', 0.7565878], ['safety_pin', 0.051063906], ['drum', 0.022306254], ['fountain', 0.018096294], ['cornet', 0.0145683065]]",[0.36446753 0.15036835 0.06030995 ... 0.10487788 3.3669465  0.5943002 ],"[['comic_book', 0.7565878], ['safety_pin', 0.051063906], ['drum', 0.022306254], ['fountain', 0.018096294], ['cornet', 0.0145683065]]",58
